Mitología,Region,Continent
Mitología lugbara,Central Africa,Africa
Mitología egipcia,North Africa,Africa
Mitología china,Northeast Asia,Asia
Mitología japonesa,Northeast Asia,Asia
Mitología coreana,Northeast Asia,Asia
Mitología túrquica,Northeast Asia,Asia
Mitología budista,South Asia,Asia
Mitología hinduista,South Asia,Asia
Mitología cristiana,West Asia / Middle East,Asia
Mitología judía,West Asia / Middle East,Asia
Mitología hitita,West Asia / Middle East,Asia
Mitología irania,West Asia / Middle East,Asia
Mitología persa,West Asia / Middle East,Asia
Mitología árabe,West Asia / Middle East,Asia
Mitología aborigen australiana,,Oceania
Mitología polinesia,,Oceania
Mitología maorí,,Oceania
Mitología pascuense,,Oceania
Mitología samoana,,Oceania
Mitología báltica,Eastern Europe,Europe
Mitología lituana,Eastern Europe,Europe
Mitología estonia,Northern Europe,Europe
Mitología germana,Northern Europe,Europe
Mitología nórdica,Northern Europe,Europe
Mitología etrusca,Southern Europe,Europe
Mitología griega,Southern Europe,Europe
Mitología romana,Southern Europe,Europe
Mitología vasca,Western Europe,Europe
Mitología celta,Western Europe,Europe
Mitología galesa,Western Europe,Europe
Mitología cántabra,Western Europe,Europe
Mitología irlandesa,Western Europe,Europe
Mitología escocesa,Western Europe,Europe
Mitología creek,North America,Americas
Mitología hopi,North America,Americas
Mitología inuit,North America,Americas
Mitología mexica,Central America,Americas
Mitología maya,Central America,Americas
Mitología olmeca,Central America,Americas
Mitología talamanqueña,Central America,Americas
Mitología chilota,South America,Americas
Mitología guaraní,South America,Americas
Mitología incaica,South America,Americas
Mitología Báltica,Northern Europe,Europe
Mitología abenaki,North America,Americas
Mitología abrahámica,West Asia / Middle East,Asia
Mitología acadia,West Asia / Middle East,Asia
Mitología africana,,Africa
Mitología afroamericana,African Diasporic,Africa
Mitología aimara,South America,Americas
Mitología ainu,North America,Americas
Mitología akamba,East Africa,Africa
Mitología akan,West Africa,Africa
Mitología alur,Central Africa,Africa
Mitología amazónica,South America,Americas
Mitología americana,,Americas
Mitología anatolia,West Asia / Middle East,Asia
Mitología anglosajona,Northern Europe,Europe
Mitología anishinaabe,Central America,Americas
Mitología aragonesa,Western Europe,Europe
Mitología argentina,South America,Americas
Mitología ashanti,West Africa,Africa
Mitología asiria,West Asia / Middle East,Asia
Mitología asiática,,Asia
Mitología asturiana,Western Europe,Europe
Mitología azteca,Central America,Americas
Mitología babilónica,West Asia / Middle East,Asia
Mitología baganda,East Africa,Africa
Mitología banyarwanda,East Africa,Africa
Mitología bereber,North Africa,Africa
Mitología boliviana,South America,Americas
Mitología bribri,Central America,Americas
Mitología bushongo,Central Africa,Africa
Mitología canadiense,North America,Americas
Mitología cananea,West Asia / Middle East,Asia
Mitología cartaginesa,North Africa,Africa
Mitología castellana,Western Europe,Europe
Mitología catalana,Western Europe,Europe
Mitología chibcha,South America,Americas
Mitología chilena,South America,Americas
Mitología chippewa,North America,Americas
Mitología circumpolar,North America,Americas
Mitología colombiana,South America,Americas
Mitología dacia,Eastern Europe,Europe
Mitología dahomey,West Africa,Africa
Mitología de América,,Americas
Mitología de América Central,Central America,Americas
Mitología de América del Norte,North America,Americas
Mitología de América del Sur,South America,Americas
Mitología de Argólida,Southern Europe,Europe
Mitología de Asia,,Asia
Mitología de Asia Oriental,Northeast Asia,Asia
Mitología de Costa Rica,Central America,Americas
Mitología de Creta,Southern Europe,Europe
Mitología de El Salvador,Central America,Americas
Mitología de Europa,,Europe
Mitología de Fiyi,Oceania,Oceania
Mitología de Galicia,Western Europe,Europe
Mitología de Grecia Central,Southern Europe,Europe
Mitología de Guatemala,Central America,Americas
Mitología de Hungría,Eastern Europe,Europe
Mitología de Levante,West Asia / Middle East,Asia
Mitología de Melanesia,Oceania,Oceania
Mitología de Micronesia,Oceania,Oceania
Mitología de Oceanía,Oceania,Oceania
Mitología de Oriente Medio,West Asia / Middle East,Asia
Mitología de Polinesia,Oceania,Oceania
Mitología de Rumania,Eastern Europe,Europe
Mitología de África,,Africa
Mitología de Élide,Southern Europe,Europe
Mitología del Antiguo Oriente Próximo,West Asia / Middle East,Asia
Mitología del Asia Central,Central Asia,Asia
Mitología del Asia meridional,South Asia,Asia
Mitología del Asia norte,Northeast Asia,Asia
Mitología del Asia sureste,Southeast Asia,Asia
Mitología del Caribe,Central America,Americas
Mitología del País Vasco,Western Europe,Europe
Mitología del Peloponeso,Southern Europe,Europe
Mitología del catolicismo,Western Europe,Europe
Mitología del cristianismo,West Asia / Middle East,Asia
Mitología del hinduismo,South Asia,Asia
Mitología del islam,West Asia / Middle East,Asia
Mitología del judaísmo,West Asia / Middle East,Asia
Mitología dinka,North Africa,Africa
Mitología doriana,Southern Europe,Europe
Mitología efik,West Africa,Africa
Mitología escandinava,Northern Europe,Europe
Mitología eslava,Eastern Europe,Europe
Mitología española,Western Europe,Europe
Mitología estadounidense,North America,Americas
Mitología europea,,Europe
Mitología extremeña,Western Europe,Europe
Mitología fenicia,West Asia / Middle East,Asia
Mitología filipina,Southeast Asia,Asia
Mitología filistea,West Asia / Middle East,Asia
Mitología finlandesa,Northern Europe,Europe
Mitología francesa,Western Europe,Europe
Mitología frigia,West Asia / Middle East,Asia
Mitología gala,Western Europe,Europe
Mitología griega de Asia Menor,West Asia / Middle East,Asia
Mitología griega de Chipre,Southern Europe,Europe
Mitología griega de Corinto,Southern Europe,Europe
Mitología griega de Sicilia,Southern Europe,Europe
Mitología griega de Tesalia,Southern Europe,Europe
Mitología griega de Tracia,Southern Europe,Europe
Mitología griega de Épiro,Southern Europe,Europe
Mitología guanche,West Africa,Africa
Mitología haida,North America,Americas
Mitología hattiana,West Asia / Middle East,Asia
Mitología hawaiana,Oceania,Oceania
Mitología huilliche,South America,Americas
Mitología huron,North America,Americas
Mitología hurrita,West Asia / Middle East,Asia
Mitología igbo,West Africa,Africa
Mitología inca,South America,Americas
Mitología indoeuropea,Eastern Europe,Europe
Mitología iroquesa,North America,Americas
Mitología isoko,West Africa,Africa
Mitología itálica,Southern Europe,Europe
Mitología judaica,West Asia / Middle East,Asia
Mitología khoikhoi,Southern Africa,Africa
Mitología kongo,Central Africa,Africa
Mitología kurumba,West Africa,Africa
Mitología kushita,North Africa,Africa
Mitología kwakiutl,North America,Americas
Mitología laconia,Southern Europe,Europe
Mitología lakota,North America,Americas
Mitología lapona,Northern Europe,Europe
Mitología letona,Northern Europe,Europe
Mitología levantina,West Asia / Middle East,Asia
Mitología lotuko,North Africa,Africa
Mitología malgache,East Africa,Africa
Mitología mapuche,South America,Americas
Mitología masai,East Africa,Africa
Mitología mesoamericana,Central America,Americas
Mitología mesopotámica,West Asia / Middle East,Asia
Mitología mexicana,Central America,Americas
Mitología mixteca,Central America,Americas
Mitología navajo,North America,Americas
Mitología nubia,North Africa,Africa
Mitología oceánica,Oceania,Oceania
Mitología pawnee,North America,Americas
Mitología peruana,South America,Americas
Mitología pigmea,Central Africa,Africa
Mitología portuguesa,Western Europe,Europe
Mitología pueblo,North America,Americas
Mitología purépecha,Central America,Americas
Mitología quechua,South America,Americas
Mitología rusa,Eastern Europe,Europe
Mitología sajona y anglosajona,Northern Europe,Europe
Mitología salish,North America,Americas
Mitología sarda,Southern Europe,Europe
Mitología selknam,South America,Americas
Mitología semítica,West Asia / Middle East,Asia
Mitología shinto,Northeast Asia,Asia
Mitología siberiana,Northeast Asia,Asia
Mitología sumeria,West Asia / Middle East,Asia
Mitología séneca,North America,Americas
Mitología tahitiana,Oceania,Oceania
Mitología taína,Central America,Americas
Mitología tlaxcalteca,Central America,Americas
Mitología tolteca,Central America,Americas
Mitología tracia,Southern Europe,Europe
Mitología tumbuka,East Africa,Africa
Mitología ucraniana,Eastern Europe,Europe
Mitología ugaritiche,West Asia / Middle East,Asia
Mitología venezolana,South America,Americas
Mitología vudú,African Diasporic,Africa
Mitología winnebago,North America,Americas
Mitología wixarrica,Central America,Americas
Mitología yoruba,West Africa,Africa
Mitología zulú,Southern Africa,Africa
Mitología zuñi,North America,Americas
Mitología ática,Southern Europe,Europe
Mitología íbera,Western Europe,Europe
