URL,Nombre,Mitología,Clase
https://es.wikipedia.org/wiki/Amset,Amset,Mitología egipcia,Deidad
https://es.wikipedia.org/wiki/Bujis,Bujis,Mitología egipcia,Criatura
https://es.wikipedia.org/wiki/Cuervo_de_tres_patas,Cuervo de tres patas,Mitología egipcia,Criatura
https://es.wikipedia.org/wiki/Neper_(mitolog%C3%ADa),Neper,Mitología egipcia,Deidad
https://es.wikipedia.org/wiki/Nun_(mitolog%C3%ADa),Nun,Mitología egipcia,Deidad
https://es.wikipedia.org/wiki/Paredra,Paredra,Mitología egipcia,Deidad
https://es.wikipedia.org/wiki/Terioc%C3%A9falo,Teriocéfalo,Mitología egipcia,Criatura
https://es.wikipedia.org/wiki/Tr%C3%ADada_tebana,Tríada tebana,Mitología egipcia,Deidad
https://es.wikipedia.org/wiki/Bashe,Bashe,Mitología china,Criatura
https://es.wikipedia.org/wiki/Bashe,Bashe,Mitología china,Dragón
https://es.wikipedia.org/wiki/Cabeza_de_Buey_y_Cara_de_Caballo,Cabeza de Buey y Cara de Caballo,Mitología china,Criatura
https://es.wikipedia.org/wiki/Chi_You,Chi You,Mitología china,Deidad
https://es.wikipedia.org/wiki/Chollima,Chollima,Mitología china,Criatura
https://es.wikipedia.org/wiki/Cuatro_Reyes_Celestiales,Cuatro Reyes Celestiales,Mitología china,Deidad
https://es.wikipedia.org/wiki/Cuervo_de_tres_patas,Cuervo de tres patas,Mitología china,Criatura
https://es.wikipedia.org/wiki/Emperador_de_Jade,Emperador de Jade,Mitología china,Deidad
https://es.wikipedia.org/wiki/Erlang_Shen,Erlang Shen,Mitología china,Deidad
https://es.wikipedia.org/wiki/Fenghuang,Fenghuang,Mitología china,Criatura
https://es.wikipedia.org/wiki/Fo-Hi,Fo-Hi,Mitología china,Criatura
https://es.wikipedia.org/wiki/Gong_Gong,Gong Gong,Mitología china,Deidad
https://es.wikipedia.org/wiki/Hotei,Hotei,Mitología china,Deidad
https://es.wikipedia.org/wiki/Hu_Tianbao,Hu Tianbao,Mitología china,Deidad
https://es.wikipedia.org/wiki/Huli_jing,Huli jing,Mitología china,Criatura
https://es.wikipedia.org/wiki/Iama,Iama,Mitología china,Deidad
https://es.wikipedia.org/wiki/Jiang_Shi,Jiang Shi,Mitología china,Monstruo
https://es.wikipedia.org/wiki/Ky%C5%ABbi_no_kitsune,Kyūbi no kitsune,Mitología china,Criatura
https://es.wikipedia.org/wiki/Leones_de_Fu,Leones de Fu,Mitología china,Criatura
https://es.wikipedia.org/wiki/Lui-Sin,Lui-Sin,Mitología china,Deidad
https://es.wikipedia.org/wiki/Nezha,Nezha,Mitología china,Deidad
https://es.wikipedia.org/wiki/Nueve_hijos_del_Rey_Drag%C3%B3n,Nueve hijos del Rey Dragón,Mitología china,Dragón
https://es.wikipedia.org/wiki/Pangu,Pangu,Mitología china,Deidad
https://es.wikipedia.org/wiki/Peng_(mitolog%C3%ADa),Peng,Mitología china,Criatura
https://es.wikipedia.org/wiki/Perros_en_la_mitolog%C3%ADa_china,Perros en la mitología chin,Mitología china,Criatura
https://es.wikipedia.org/wiki/Rey_Drag%C3%B3n_(mitolog%C3%ADa),Rey Dragón,Mitología china,Deidad
https://es.wikipedia.org/wiki/Rey_Drag%C3%B3n_(mitolog%C3%ADa),Rey Dragón,Mitología china,Dragón
https://es.wikipedia.org/wiki/Shangdi,Shangdi,Mitología china,Deidad
https://es.wikipedia.org/wiki/Shunfeng%27er,Shunfeng'er,Mitología china,Deidad
https://es.wikipedia.org/wiki/Tian,Tian,Mitología china,Deidad
https://es.wikipedia.org/wiki/Tiangou,Tiangou,Mitología china,Criatura
https://es.wikipedia.org/wiki/Tianlong,Tianlong,Mitología china,Dragón
https://es.wikipedia.org/wiki/Jiang_Ziya,Jiang Ziya,Mitología china,Deidad
https://es.wikipedia.org/wiki/Xiang_Yao,Xiang Yao,Mitología china,Deidad
https://es.wikipedia.org/wiki/Xiezhi,Xiezhi,Mitología china,Criatura
https://es.wikipedia.org/wiki/Yeren,Yeren,Mitología china,Criatura
https://es.wikipedia.org/wiki/Yinglong,Yinglong,Mitología china,Dragón
https://es.wikipedia.org/wiki/Yuanshi_Tianzun,Yuanshi Tianzun,Mitología china,Deidad
https://es.wikipedia.org/wiki/Zao_Shen,Zao Shen,Mitología china,Deidad
https://es.wikipedia.org/wiki/Zhu_Rong,Zhu Rong,Mitología china,Deidad
https://es.wikipedia.org/wiki/Cuervo_de_tres_patas,Cuervo de tres patas,Mitología japonesa,Criatura
https://es.wikipedia.org/wiki/Hyakki_Yagy%C5%8D,Hyakki Yagyō,Mitología japonesa,Criatura
https://es.wikipedia.org/wiki/Kami,Kami,Mitología japonesa,Deidad
https://es.wikipedia.org/wiki/Kijimuna,Kijimuna,Mitología japonesa,Criatura
https://es.wikipedia.org/wiki/Kuchisake-onna,Kuchisake-onna,Mitología japonesa,Criatura
https://es.wikipedia.org/wiki/Kuda-gitsune,Kuda-gitsune,Mitología japonesa,Criatura
https://es.wikipedia.org/wiki/Ky%C5%ABbi_no_kitsune,Kyūbi no kitsune,Mitología japonesa,Criatura
https://es.wikipedia.org/wiki/%C5%8Cmagatoki,Ōmagatoki,Mitología japonesa,Criatura
https://es.wikipedia.org/wiki/Shuten-d%C5%8Dji,Shuten-dōji,Mitología japonesa,Criatura
https://es.wikipedia.org/wiki/Suiko,Suiko,Mitología japonesa,Criatura
https://es.wikipedia.org/wiki/Tengu,Tengu,Mitología japonesa,Criatura
https://es.wikipedia.org/wiki/Ushi-oni,Ushi-oni,Mitología japonesa,Deidad
https://es.wikipedia.org/wiki/Ushi-oni,Ushi-oni,Mitología japonesa,Criatura
https://es.wikipedia.org/wiki/Ushi-oni,Ushi-oni,Mitología japonesa,Monstruo
https://es.wikipedia.org/wiki/Xiezhi,Xiezhi,Mitología japonesa,Criatura
https://es.wikipedia.org/wiki/Y%C5%8Dkai,Yōkai,Mitología japonesa,Deidad
https://es.wikipedia.org/wiki/Y%C5%8Dkai,Yōkai,Mitología japonesa,Criatura
https://es.wikipedia.org/wiki/Y%C5%8Dkai,Yōkai,Mitología japonesa,Monstruo
https://es.wikipedia.org/wiki/Bulgae,Bulgae,Mitología coreana,Criatura
https://es.wikipedia.org/wiki/Cheukshin,Cheukshin,Mitología coreana,Deidad
https://es.wikipedia.org/wiki/Chollima,Chollima,Mitología coreana,Criatura
https://es.wikipedia.org/wiki/Dokkaebi,Dokkaebi,Mitología coreana,Criatura
https://es.wikipedia.org/wiki/Drag%C3%B3n_coreano,Dragón coreano,Mitología coreana,Criatura
https://es.wikipedia.org/wiki/Drag%C3%B3n_coreano,Dragón coreano,Mitología coreana,Dragón
https://es.wikipedia.org/wiki/Eopshin,Eopshin,Mitología coreana,Deidad
https://es.wikipedia.org/wiki/Eopshin,Eopshin,Mitología coreana,Criatura
https://es.wikipedia.org/wiki/Gunungshin,Gunungshin,Mitología coreana,Deidad
https://es.wikipedia.org/wiki/Gwishin,Gwishin,Mitología coreana,Criatura
https://es.wikipedia.org/wiki/Inmyeonjo,Inmyeonjo,Mitología coreana,Criatura
https://es.wikipedia.org/wiki/Kuchisake-onna,Kuchisake-onna,Mitología coreana,Criatura
https://es.wikipedia.org/wiki/Ky%C5%ABbi_no_kitsune,Kyūbi no kitsune,Mitología coreana,Criatura
https://es.wikipedia.org/wiki/Samsin_Halmoni,Samsin Halmoni,Mitología coreana,Deidad
https://es.wikipedia.org/wiki/Seonangshin,Seonangshin,Mitología coreana,Deidad
https://es.wikipedia.org/wiki/Sosamshin,Sosamshin,Mitología coreana,Deidad
https://es.wikipedia.org/wiki/Teojushin,Teojushin,Mitología coreana,Deidad
https://es.wikipedia.org/wiki/Ungnyeo,Ungnyeo,Mitología coreana,Deidad
https://es.wikipedia.org/wiki/Ungnyeo,Ungnyeo,Mitología coreana,Criatura
https://es.wikipedia.org/wiki/Xiezhi,Xiezhi,Mitología coreana,Criatura
https://es.wikipedia.org/wiki/Erlik,Erlik,Mitología túrquica,Deidad
https://es.wikipedia.org/wiki/Erlik,Erlik,Mitología túrquica,Demonio
https://es.wikipedia.org/wiki/Abhasuara,Abhasuara,Mitología budista,Deidad
https://es.wikipedia.org/wiki/Daiitoku_My%C5%8D-%C5%8D,Daiitoku Myō-ō,Mitología budista,Deidad
https://es.wikipedia.org/wiki/Emma-O,Emma-O,Mitología budista,Deidad
https://es.wikipedia.org/wiki/Goh%C5%8D_d%C5%8Dji,Gohō dōji,Mitología budista,Deidad
https://es.wikipedia.org/wiki/Gurumapa,Gurumapa,Mitología budista,Criatura
https://es.wikipedia.org/wiki/Gurumapa,Gurumapa,Mitología budista,Demonio
https://es.wikipedia.org/wiki/Hamsa,Hamsa,Mitología budista,Criatura
https://es.wikipedia.org/wiki/Le%C3%B3n_de_las_nieves,León de las nieves,Mitología budista,Criatura
https://es.wikipedia.org/wiki/Leones_de_Fu,Leones de Fu,Mitología budista,Criatura
https://es.wikipedia.org/wiki/Lungta,Lungta,Mitología budista,Deidad
https://es.wikipedia.org/wiki/Muchilinda,Muchilinda,Mitología budista,Criatura
https://es.wikipedia.org/wiki/Pisacha,Pisacha,Mitología budista,Demonio
https://es.wikipedia.org/wiki/Preta,Preta,Mitología budista,Criatura
https://es.wikipedia.org/wiki/R%C3%A1ksasa,Ráksasa,Mitología budista,Deidad
https://es.wikipedia.org/wiki/R%C3%A1ksasa,Ráksasa,Mitología budista,Demonio
https://es.wikipedia.org/wiki/Reino_de_los_Deva,Reino de los Deva,Mitología budista,Deidad
https://es.wikipedia.org/wiki/V%C3%A1daba,Vádaba,Mitología budista,Deidad
https://es.wikipedia.org/wiki/Agh%C3%A1sura,Aghásura,Mitología hinduista,Criatura
https://es.wikipedia.org/wiki/Andhaka,Andhaka,Mitología hinduista,Demonio
https://es.wikipedia.org/wiki/Arjuna,Arjuna,Mitología hinduista,Héroe
https://es.wikipedia.org/wiki/Arundhati,Arundhati,Mitología hinduista,Deidad
https://es.wikipedia.org/wiki/Bakasura_(demonio_matado_por_Bhima),Bakasura (demonio matado por Bhima),Mitología hinduista,Demonio
https://es.wikipedia.org/wiki/Bakasura_(demonio_matado_por_Krisna),Bakasura (demonio matado por Krisna),Mitología hinduista,Demonio
https://es.wikipedia.org/wiki/Bhasmasura,Bhasmasura,Mitología hinduista,Demonio
https://es.wikipedia.org/wiki/Bhishm%C3%A1,Bhishmá,Mitología hinduista,Deidad
https://es.wikipedia.org/wiki/Bhishm%C3%A1,Bhishmá,Mitología hinduista,Héroe
https://es.wikipedia.org/wiki/Brihaspati,Brihaspati,Mitología hinduista,Deidad
https://es.wikipedia.org/wiki/Chakor,Chakor,Mitología hinduista,Criatura
https://es.wikipedia.org/wiki/Dattatreya,Dattatreya,Mitología hinduista,Deidad
https://es.wikipedia.org/wiki/Devak%C4%AB,Devakī,Mitología hinduista,Deidad
https://es.wikipedia.org/wiki/Diaus_Pitar,Diaus Pitar,Mitología hinduista,Deidad
https://es.wikipedia.org/wiki/Anexo:Dioses_v%C3%A9dicos,Anexo:Dioses védicos,Mitología hinduista,Deidad
https://es.wikipedia.org/wiki/Gandaberunda,Gandaberunda,Mitología hinduista,Criatura
https://es.wikipedia.org/wiki/G%C3%B3vardhana,Góvardhana,Mitología hinduista,Deidad
https://es.wikipedia.org/wiki/Hamsa,Hamsa,Mitología hinduista,Criatura
https://es.wikipedia.org/wiki/Hatsadiling,Hatsadiling,Mitología hinduista,Criatura
https://es.wikipedia.org/wiki/Jaya_y_Vijaya,Jaya y Vijaya,Mitología hinduista,Deidad
https://es.wikipedia.org/wiki/Kamadeva,Kamadeva,Mitología hinduista,Deidad
https://es.wikipedia.org/wiki/Kamsa,Kamsa,Mitología hinduista,Demonio
https://es.wikipedia.org/wiki/Kirtimukha,Kirtimukha,Mitología hinduista,Criatura
https://es.wikipedia.org/wiki/Kirtimukha,Kirtimukha,Mitología hinduista,Demonio
https://es.wikipedia.org/wiki/L%C3%A1kshmana,Lákshmana,Mitología hinduista,Deidad
https://es.wikipedia.org/wiki/Majish%C3%A1,Majishá,Mitología hinduista,Demonio
https://es.wikipedia.org/wiki/Paryania,Paryania,Mitología hinduista,Deidad
https://es.wikipedia.org/wiki/Purushottama,Purushottama,Mitología hinduista,Deidad
https://es.wikipedia.org/wiki/Putana_(giganta),Putana (giganta),Mitología hinduista,Gigante
https://es.wikipedia.org/wiki/Rati_(diosa),Rati (diosa),Mitología hinduista,Deidad
https://es.wikipedia.org/wiki/Reino_de_los_Deva,Reino de los Deva,Mitología hinduista,Deidad
https://es.wikipedia.org/wiki/R%C3%ADo_Sarasvati,Río Sarasvati,Mitología hinduista,Deidad
https://es.wikipedia.org/wiki/Saram%C3%A1,Saramá,Mitología hinduista,Criatura
https://es.wikipedia.org/wiki/Saumanas%C3%A1,Saumanasá,Mitología hinduista,Criatura
https://es.wikipedia.org/wiki/Sita,Sita,Mitología hinduista,Deidad
https://es.wikipedia.org/wiki/Timingila,Timingila,Mitología hinduista,Criatura
https://es.wikipedia.org/wiki/Timingila,Timingila,Mitología hinduista,Monstruo
https://es.wikipedia.org/wiki/Tr%C3%ADshiras,Tríshiras,Mitología hinduista,Criatura
https://es.wikipedia.org/wiki/Tuastri,Tuastri,Mitología hinduista,Deidad
https://es.wikipedia.org/wiki/V%C3%A1jana,Vájana,Mitología hinduista,Deidad
https://es.wikipedia.org/wiki/Vritr%C3%A1,Vritrá,Mitología hinduista,Dragón
https://es.wikipedia.org/wiki/Vritr%C3%A1,Vritrá,Mitología hinduista,Demonio
https://es.wikipedia.org/wiki/Iashod%C3%A1,Iashodá,Mitología hinduista,Deidad
https://es.wikipedia.org/wiki/Abyzou,Abyzou,Mitología cristiana,Criatura
https://es.wikipedia.org/wiki/%C3%8Dncubo,Íncubo,Mitología cristiana,Monstruo
https://es.wikipedia.org/wiki/%C3%8Dncubo,Íncubo,Mitología cristiana,Demonio
https://es.wikipedia.org/wiki/Monje_del_Mar,Monje del Mar,Mitología cristiana,Criatura
https://es.wikipedia.org/wiki/S%C3%BAcubo,Súcubo,Mitología cristiana,Criatura
https://es.wikipedia.org/wiki/S%C3%BAcubo,Súcubo,Mitología cristiana,Demonio
https://es.wikipedia.org/wiki/Arinna,Arinna,Mitología hitita,Deidad
https://es.wikipedia.org/wiki/Arinnitti,Arinnitti,Mitología hitita,Deidad
https://es.wikipedia.org/wiki/Illuyanka,Illuyanka,Mitología hitita,Dragón
https://es.wikipedia.org/wiki/Abudad,Abudad,Mitología persa,Deidad
https://es.wikipedia.org/wiki/Angra_Mainyu,Angra Mainyu,Mitología persa,Deidad
https://es.wikipedia.org/wiki/Angra_Mainyu,Angra Mainyu,Mitología persa,Demonio
https://es.wikipedia.org/wiki/%C3%81rtemis_P%C3%A9rsica,Ártemis Pérsica,Mitología persa,Deidad
https://es.wikipedia.org/wiki/Asura_(hinduismo),Asura (hinduismo),Mitología persa,Demonio
https://es.wikipedia.org/wiki/Azi_Dahaka,Azi Dahaka,Mitología persa,Dragón
https://es.wikipedia.org/wiki/Azi_Dahaka,Azi Dahaka,Mitología persa,Demonio
https://es.wikipedia.org/wiki/Bahamut,Bahamut,Mitología persa,Criatura
https://es.wikipedia.org/wiki/Daeva,Daeva,Mitología persa,Deidad
https://es.wikipedia.org/wiki/Daeva,Daeva,Mitología persa,Demonio
https://es.wikipedia.org/wiki/Mant%C3%ADcora_(mitolog%C3%ADa),Mantícora,Mitología persa,Criatura
https://es.wikipedia.org/wiki/Mant%C3%ADcora_(mitolog%C3%ADa),Mantícora,Mitología persa,Monstruo
https://es.wikipedia.org/wiki/Peri_(mitolog%C3%ADa),Peri,Mitología persa,Deidad
https://es.wikipedia.org/wiki/Ruc,Ruc,Mitología persa,Criatura
https://es.wikipedia.org/wiki/Simurg,Simurg,Mitología persa,Criatura
https://es.wikipedia.org/wiki/Simurg,Simurg,Mitología persa,Monstruo
https://es.wikipedia.org/wiki/Zahhak,Zahhak,Mitología persa,Dragón
https://es.wikipedia.org/wiki/Zahhak,Zahhak,Mitología persa,Demonio
https://es.wikipedia.org/wiki/Zurvan,Zurvan,Mitología persa,Deidad
https://es.wikipedia.org/wiki/Bahamut,Bahamut,Mitología árabe,Criatura
https://es.wikipedia.org/wiki/Hubal,Hubal,Mitología árabe,Deidad
https://es.wikipedia.org/wiki/Jagucio,Jagucio,Mitología árabe,Deidad
https://es.wikipedia.org/wiki/Jauco,Jauco,Mitología árabe,Deidad
https://es.wikipedia.org/wiki/Wadd,Wadd,Mitología árabe,Deidad
https://es.wikipedia.org/wiki/Barnumbir,Barnumbir,Mitología aborigen australiana,Deidad
https://es.wikipedia.org/wiki/Bunyip,Bunyip,Mitología aborigen australiana,Criatura
https://es.wikipedia.org/wiki/Serpiente_Arco_Iris,Serpiente Arco Iris,Mitología aborigen australiana,Criatura
https://es.wikipedia.org/wiki/Yowie,Yowie,Mitología aborigen australiana,Criatura
https://es.wikipedia.org/wiki/Ikaroa,Ikaroa,Mitología maorí,Deidad
https://es.wikipedia.org/wiki/Ikaroa,Ikaroa,Mitología maorí,Criatura
https://es.wikipedia.org/wiki/Matariki,Matariki,Mitología maorí,Deidad
https://es.wikipedia.org/wiki/Rangi_y_Papa,Rangi y Papa,Mitología maorí,Deidad
https://es.wikipedia.org/wiki/Tangaloa,Tangaloa,Mitología maorí,Deidad
https://es.wikipedia.org/wiki/Haua,Haua,Mitología pascuense,Deidad
https://es.wikipedia.org/wiki/Make-Make,Make-Make,Mitología pascuense,Deidad
https://es.wikipedia.org/wiki/Manana_Take,Manana Take,Mitología pascuense,Deidad
https://es.wikipedia.org/wiki/Uoke,Uoke,Mitología pascuense,Deidad
https://es.wikipedia.org/wiki/Pargani,Pargani,Mitología samoana,Deidad
https://es.wikipedia.org/wiki/Brownie_(mitolog%C3%ADa),Brownie,Mitología germana,Criatura
https://es.wikipedia.org/wiki/Doppelg%C3%A4nger,Doppelgänger,Mitología germana,Criatura
https://es.wikipedia.org/wiki/Usuario:LaPingvino/Doppelg%C3%A4nger,Usuario:LaPingvino/Doppelgänger,Mitología germana,Criatura
https://es.wikipedia.org/wiki/Herecura,Herecura,Mitología germana,Deidad
https://es.wikipedia.org/wiki/Kobold,Kobold,Mitología germana,Criatura
https://es.wikipedia.org/wiki/Lindworm,Lindworm,Mitología germana,Criatura
https://es.wikipedia.org/wiki/Lindworm,Lindworm,Mitología germana,Dragón
https://es.wikipedia.org/wiki/Nehalennia,Nehalennia,Mitología germana,Deidad
https://es.wikipedia.org/wiki/Nerthus,Nerthus,Mitología germana,Deidad
https://es.wikipedia.org/wiki/Nixe,Nixe,Mitología germana,Criatura
https://es.wikipedia.org/wiki/Sigfrido_(personaje),Sigfrido,Mitología germana,Héroe
https://es.wikipedia.org/wiki/Witte_Wieven,Witte Wieven,Mitología germana,Criatura
https://es.wikipedia.org/wiki/Jenny_Haniver,Jenny Haniver,Mitología nórdica,Criatura
https://es.wikipedia.org/wiki/Jenny_Haniver,Jenny Haniver,Mitología nórdica,Monstruo
https://es.wikipedia.org/wiki/Loki,Loki,Mitología nórdica,Deidad
https://es.wikipedia.org/wiki/Loki,Loki,Mitología nórdica,Criatura
https://es.wikipedia.org/wiki/Aita_(mitolog%C3%ADa),Aita,Mitología etrusca,Deidad
https://es.wikipedia.org/wiki/Artume,Artume,Mitología etrusca,Deidad
https://es.wikipedia.org/wiki/Calu,Calu,Mitología etrusca,Deidad
https://es.wikipedia.org/wiki/Hercle,Hercle,Mitología etrusca,Deidad
https://es.wikipedia.org/wiki/Maris_(mitolog%C3%ADa),Maris,Mitología etrusca,Deidad
https://es.wikipedia.org/wiki/Nortia,Nortia,Mitología etrusca,Deidad
https://es.wikipedia.org/wiki/Persipnei,Persipnei,Mitología etrusca,Deidad
https://es.wikipedia.org/wiki/Quimera_de_Arezzo,Quimera de Arezzo,Mitología etrusca,Criatura
https://es.wikipedia.org/wiki/Summanus,Summanus,Mitología etrusca,Deidad
https://es.wikipedia.org/wiki/Thalna,Thalna,Mitología etrusca,Deidad
https://es.wikipedia.org/wiki/Tinia,Tinia,Mitología etrusca,Deidad
https://es.wikipedia.org/wiki/Tuchulcha,Tuchulcha,Mitología etrusca,Deidad
https://es.wikipedia.org/wiki/Vanth_(mitolog%C3%ADa),Vanth,Mitología etrusca,Deidad
https://es.wikipedia.org/wiki/V%C3%A9jove,Véjove,Mitología etrusca,Deidad
https://es.wikipedia.org/wiki/Vertumno,Vertumno,Mitología etrusca,Deidad
https://es.wikipedia.org/wiki/Vertumno,Vertumno,Mitología etrusca,Criatura
https://es.wikipedia.org/wiki/Alexiares_y_Aniceto,Alexiares y Aniceto,Mitología griega,Deidad
https://es.wikipedia.org/wiki/Cal%C3%ADope,Calíope,Mitología griega,Deidad
https://es.wikipedia.org/wiki/Coalemo,Coalemo,Mitología griega,Deidad
https://es.wikipedia.org/wiki/Dios_desconocido,Dios desconocido,Mitología griega,Deidad
https://es.wikipedia.org/wiki/Electra_(Pl%C3%A9yade),Electra (Pléyade),Mitología griega,Deidad
https://es.wikipedia.org/wiki/Gegenees,Gegenees,Mitología griega,Criatura
https://es.wikipedia.org/wiki/Hilates,Hilates,Mitología griega,Deidad
https://es.wikipedia.org/wiki/Hydros,Hydros,Mitología griega,Deidad
https://es.wikipedia.org/wiki/Marna,Marna,Mitología griega,Deidad
https://es.wikipedia.org/wiki/Nerites_(mitolog%C3%ADa),Nerites,Mitología griega,Deidad
https://es.wikipedia.org/wiki/Otreide,Otreide,Mitología griega,Deidad
https://es.wikipedia.org/wiki/Semidi%C3%B3s,Semidiós,Mitología griega,Deidad
https://es.wikipedia.org/wiki/Telete,Telete,Mitología griega,Deidad
https://es.wikipedia.org/wiki/Teomaquia,Teomaquia,Mitología griega,Deidad
https://es.wikipedia.org/wiki/Castalia,Castalia,Mitología romana,Deidad
https://es.wikipedia.org/wiki/Centauro,Centauro,Mitología romana,Criatura
https://es.wikipedia.org/wiki/Diana_Nemorensis,Diana Nemorensis,Mitología romana,Deidad
https://es.wikipedia.org/wiki/Estirge,Estirge,Mitología romana,Criatura
https://es.wikipedia.org/wiki/Nerio,Nerio,Mitología romana,Deidad
https://es.wikipedia.org/wiki/Parcas,Parcas,Mitología romana,Deidad
https://es.wikipedia.org/wiki/Pot%C3%A1mides,Potámides,Mitología romana,Deidad
https://es.wikipedia.org/wiki/Pot%C3%A1mides,Potámides,Mitología romana,Criatura
https://es.wikipedia.org/wiki/Quiritis,Quiritis,Mitología romana,Deidad
https://es.wikipedia.org/wiki/Sol_Invictus,Sol Invictus,Mitología romana,Deidad
https://es.wikipedia.org/wiki/Badb,Badb,Mitología celta,Deidad
https://es.wikipedia.org/wiki/Balar,Balar,Mitología celta,Deidad
https://es.wikipedia.org/wiki/Baobhan_sith,Baobhan sith,Mitología celta,Criatura
https://es.wikipedia.org/wiki/Bauchan,Bauchan,Mitología celta,Criatura
https://es.wikipedia.org/wiki/Belenus,Belenus,Mitología celta,Deidad
https://es.wikipedia.org/wiki/Boggart,Boggart,Mitología celta,Criatura
https://es.wikipedia.org/wiki/Botarga_(personaje),Botarga,Mitología celta,Criatura
https://es.wikipedia.org/wiki/Brownie_(mitolog%C3%ADa),Brownie,Mitología celta,Criatura
https://es.wikipedia.org/wiki/Cait_Sidhe,Cait Sidhe,Mitología celta,Criatura
https://es.wikipedia.org/wiki/Camulos,Camulos,Mitología celta,Deidad
https://es.wikipedia.org/wiki/Cath_Palug,Cath Palug,Mitología celta,Criatura
https://es.wikipedia.org/wiki/Cernunnos,Cernunnos,Mitología celta,Deidad
https://es.wikipedia.org/wiki/Coso_(mitolog%C3%ADa),Coso,Mitología celta,Deidad
https://es.wikipedia.org/wiki/Crom_Dubh,Crom Dubh,Mitología celta,Deidad
https://es.wikipedia.org/wiki/C%C3%BAchulainn,Cúchulainn,Mitología celta,Héroe
https://es.wikipedia.org/wiki/Dana_(diosa_celta),Dana (diosa celta),Mitología celta,Deidad
https://es.wikipedia.org/wiki/Kelpie,Kelpie,Mitología celta,Criatura
https://es.wikipedia.org/wiki/Lavandeira_(mitolog%C3%ADa),Lavandeira,Mitología celta,Criatura
https://es.wikipedia.org/wiki/Les_Llavanderes,Les Llavanderes,Mitología celta,Criatura
https://es.wikipedia.org/wiki/Merl%C3%ADn_(DC_Comics),Merlín (DC Comics),Mitología celta,Héroe
https://es.wikipedia.org/wiki/Merl%C3%ADn_(DC_Comics),Merlín (DC Comics),Mitología celta,Demonio
https://es.wikipedia.org/wiki/Navia_(mitolog%C3%ADa),Navia,Mitología celta,Deidad
https://es.wikipedia.org/wiki/Ogmios,Ogmios,Mitología celta,Deidad
https://es.wikipedia.org/wiki/Salm%C3%B3n_de_la_Sabidur%C3%ADa,Salmón de la Sabiduría,Mitología celta,Criatura
https://es.wikipedia.org/wiki/Sucellos,Sucellos,Mitología celta,Deidad
https://es.wikipedia.org/wiki/Trasgo,Trasgo,Mitología celta,Criatura
https://es.wikipedia.org/wiki/Afanc,Afanc,Mitología galesa,Monstruo
https://es.wikipedia.org/wiki/Gwydion,Gwydion,Mitología galesa,Deidad
https://es.wikipedia.org/wiki/Mabon_(hijo_de_Modron),Mabon (hijo de Modron),Mitología galesa,Deidad
https://es.wikipedia.org/wiki/Modron,Modron,Mitología galesa,Deidad
https://es.wikipedia.org/wiki/Rhiannon,Rhiannon,Mitología galesa,Deidad
https://es.wikipedia.org/wiki/Erudinus,Erudinus,Mitología cántabra,Deidad
https://es.wikipedia.org/wiki/Airitech,Airitech,Mitología irlandesa,Criatura
https://es.wikipedia.org/wiki/Angus_(mitolog%C3%ADa),Angus,Mitología irlandesa,Deidad
https://es.wikipedia.org/wiki/Buarainech,Buarainech,Mitología irlandesa,Criatura
https://es.wikipedia.org/wiki/Cermait,Cermait,Mitología irlandesa,Deidad
https://es.wikipedia.org/wiki/Dobhar-ch%C3%BA,Dobhar-chú,Mitología irlandesa,Criatura
https://es.wikipedia.org/wiki/Elatha,Elatha,Mitología irlandesa,Deidad
https://es.wikipedia.org/wiki/Fomor%C3%A9,Fomoré,Mitología irlandesa,Deidad
https://es.wikipedia.org/wiki/Medb,Medb,Mitología irlandesa,Deidad
https://es.wikipedia.org/wiki/Salm%C3%B3n_de_la_Sabidur%C3%ADa,Salmón de la Sabiduría,Mitología irlandesa,Criatura
https://es.wikipedia.org/wiki/Selkie,Selkie,Mitología irlandesa,Criatura
https://es.wikipedia.org/wiki/Sluagh,Sluagh,Mitología irlandesa,Monstruo
https://es.wikipedia.org/wiki/Tethra,Tethra,Mitología irlandesa,Deidad
https://es.wikipedia.org/wiki/Kokopelli,Kokopelli,Mitología hopi,Deidad
https://es.wikipedia.org/wiki/Tupilaq,Tupilaq,Mitología inuit,Criatura
https://es.wikipedia.org/wiki/Tupilaq,Tupilaq,Mitología inuit,Monstruo
https://es.wikipedia.org/wiki/Ahu%C3%ADzotl_(criatura),Ahuízotl (criatura),Mitología mexica,Criatura
https://es.wikipedia.org/wiki/Ahu%C3%ADzotl_(criatura),Ahuízotl (criatura),Mitología mexica,Monstruo
https://es.wikipedia.org/wiki/Atlakamani,Atlakamani,Mitología mexica,Deidad
https://es.wikipedia.org/wiki/Ayauht%C3%A9otl_(diosa),Ayauhtéotl (diosa),Mitología mexica,Deidad
https://es.wikipedia.org/wiki/Chicomex%C3%B3chtli,Chicomexóchtli,Mitología mexica,Deidad
https://es.wikipedia.org/wiki/Cochimetl,Cochimetl,Mitología mexica,Deidad
https://es.wikipedia.org/wiki/Gran_Diosa_de_Teotihuac%C3%A1n,Gran Diosa de Teotihuacán,Mitología mexica,Deidad
https://es.wikipedia.org/wiki/Perros_en_el_folclore_y_la_mitolog%C3%ADa_mesoamericanos,Perros en el folclore y la mitología mesoamericano,Mitología mexica,Criatura
https://es.wikipedia.org/wiki/T%C3%A9cpatl,Técpatl,Mitología mexica,Criatura
https://es.wikipedia.org/wiki/T%C3%A9otl,Téotl,Mitología mexica,Deidad
https://es.wikipedia.org/wiki/Tlahuelpuchi,Tlahuelpuchi,Mitología mexica,Criatura
https://es.wikipedia.org/wiki/Tonal_(mitolog%C3%ADa),Tonal,Mitología mexica,Criatura
https://es.wikipedia.org/wiki/Tonalteteuctin,Tonalteteuctin,Mitología mexica,Deidad
https://es.wikipedia.org/wiki/Yoalteuctin,Yoalteuctin,Mitología mexica,Deidad
https://es.wikipedia.org/wiki/Ah_tabai,Ah tabai,Mitología maya,Criatura
https://es.wikipedia.org/wiki/Ah_tabai,Ah tabai,Mitología maya,Demonio
https://es.wikipedia.org/wiki/Alux,Alux,Mitología maya,Criatura
https://es.wikipedia.org/wiki/Camazotz,Camazotz,Mitología maya,Criatura
https://es.wikipedia.org/wiki/Chin_(deidad),Chin,Mitología maya,Deidad
https://es.wikipedia.org/wiki/Dios_maya_del_ma%C3%ADz,Dios maya del maíz,Mitología maya,Deidad
https://es.wikipedia.org/wiki/Nahual,Nahual,Mitología maya,Criatura
https://es.wikipedia.org/wiki/Perro_negro_(fantasma),Perro negro (fantasma),Mitología maya,Criatura
https://es.wikipedia.org/wiki/Perros_en_el_folclore_y_la_mitolog%C3%ADa_mesoamericanos,Perros en el folclore y la mitología mesoamericano,Mitología maya,Criatura
https://es.wikipedia.org/wiki/Serpiente_cola_negra_(criatura_fant%C3%A1stica_maya),Serpiente cola negra (criatura fantástica maya),Mitología maya,Criatura
https://es.wikipedia.org/wiki/Serpiente_de_la_Visi%C3%B3n,Serpiente de la Visión,Mitología maya,Criatura
https://es.wikipedia.org/wiki/Tonal_(mitolog%C3%ADa),Tonal,Mitología maya,Criatura
https://es.wikipedia.org/wiki/Xtabay,Xtabay,Mitología maya,Criatura
https://es.wikipedia.org/wiki/Tezcatlipoca,Tezcatlipoca,Mitología olmeca,Deidad
https://es.wikipedia.org/wiki/Tl%C3%A1loc,Tláloc,Mitología olmeca,Deidad
https://es.wikipedia.org/wiki/Duk%C3%BAr_Bulu,Dukúr Bulu,Mitología talamanqueña,Deidad
https://es.wikipedia.org/wiki/Its%C3%B6,Itsö,Mitología talamanqueña,Demonio
https://es.wikipedia.org/wiki/Makeur_Siau,Makeur Siau,Mitología talamanqueña,Deidad
https://es.wikipedia.org/wiki/Namaitam%C3%AD,Namaitamí,Mitología talamanqueña,Deidad
https://es.wikipedia.org/wiki/Ni%C3%B1os_Huracanes,Niños Huracanes,Mitología talamanqueña,Deidad
https://es.wikipedia.org/wiki/Se%C3%B1or_Sol,Señor Sol,Mitología talamanqueña,Deidad
https://es.wikipedia.org/wiki/Sib%C3%BA,Sibú,Mitología talamanqueña,Deidad
https://es.wikipedia.org/wiki/Sul%C3%A1ra,Sulára,Mitología talamanqueña,Deidad
https://es.wikipedia.org/wiki/Tal%C3%A1_Yekela,Talá Yekela,Mitología talamanqueña,Deidad
https://es.wikipedia.org/wiki/Basilisco_chilote,Basilisco chilote,Mitología chilota,Criatura
https://es.wikipedia.org/wiki/Caballo_marino_chilote,Caballo marino chilote,Mitología chilota,Criatura
https://es.wikipedia.org/wiki/Cahuelche,Cahuelche,Mitología chilota,Criatura
https://es.wikipedia.org/wiki/Camahueto,Camahueto,Mitología chilota,Criatura
https://es.wikipedia.org/wiki/Carbunclo_(mitolog%C3%ADa),Carbunclo,Mitología chilota,Criatura
https://es.wikipedia.org/wiki/Carbunclo_(mitolog%C3%ADa),Carbunclo,Mitología chilota,Dragón
https://es.wikipedia.org/wiki/Co%C3%B1ipo%C3%B1i,Coñipoñi,Mitología chilota,Criatura
https://es.wikipedia.org/wiki/Coo,Coo,Mitología chilota,Criatura
https://es.wikipedia.org/wiki/Cuchivilo,Cuchivilo,Mitología chilota,Criatura
https://es.wikipedia.org/wiki/Cuchivilo,Cuchivilo,Mitología chilota,Monstruo
https://es.wikipedia.org/wiki/Cuero_(leyenda),Cuero (leyenda),Mitología chilota,Monstruo
https://es.wikipedia.org/wiki/De%C3%B1,Deñ,Mitología chilota,Criatura
https://es.wikipedia.org/wiki/Fiura,Fiura,Mitología chilota,Criatura
https://es.wikipedia.org/wiki/Imbunche,Imbunche,Mitología chilota,Criatura
https://es.wikipedia.org/wiki/Lluhay,Lluhay,Mitología chilota,Criatura
https://es.wikipedia.org/wiki/Mandao,Mandao,Mitología chilota,Criatura
https://es.wikipedia.org/wiki/Millalobo,Millalobo,Mitología chilota,Deidad
https://es.wikipedia.org/wiki/Millalobo,Millalobo,Mitología chilota,Criatura
https://es.wikipedia.org/wiki/Pincoy,Pincoy,Mitología chilota,Criatura
https://es.wikipedia.org/wiki/Pincoya,Pincoya,Mitología chilota,Deidad
https://es.wikipedia.org/wiki/Piruquina,Piruquina,Mitología chilota,Criatura
https://es.wikipedia.org/wiki/Piuch%C3%A9n,Piuchén,Mitología chilota,Criatura
https://es.wikipedia.org/wiki/Raiqu%C3%A9n,Raiquén,Mitología chilota,Criatura
https://es.wikipedia.org/wiki/Sirena_chilota,Sirena chilota,Mitología chilota,Criatura
https://es.wikipedia.org/wiki/Tempilcahue,Tempilcahue,Mitología chilota,Deidad
https://es.wikipedia.org/wiki/Trehuaco_(leyenda),Trehuaco (leyenda),Mitología chilota,Criatura
https://es.wikipedia.org/wiki/Trentren_Vilu_y_Caicai_Vilu,Trentren Vilu y Caicai Vilu,Mitología chilota,Criatura
https://es.wikipedia.org/wiki/Trentren_Vilu_y_Caicai_Vilu,Trentren Vilu y Caicai Vilu,Mitología chilota,Dragón
https://es.wikipedia.org/wiki/Vaca_marina_chilota,Vaca marina chilota,Mitología chilota,Criatura
https://es.wikipedia.org/wiki/Vaca_marina_chilota,Vaca marina chilota,Mitología chilota,Monstruo
https://es.wikipedia.org/wiki/Vilpo%C3%B1i,Vilpoñi,Mitología chilota,Criatura
https://es.wikipedia.org/wiki/Abaang%C3%BC%C3%AD,Abaangüí,Mitología guaraní,Deidad
https://es.wikipedia.org/wiki/A%C3%B1%C3%A1_(mitolog%C3%ADa_guaran%C3%AD),Añá,Mitología guaraní,Demonio
https://es.wikipedia.org/wiki/A%C3%B1ang%C3%A1,Añangá,Mitología guaraní,Deidad
https://es.wikipedia.org/wiki/Bufeo_colorado,Bufeo colorado,Mitología guaraní,Criatura
https://es.wikipedia.org/wiki/Caipora,Caipora,Mitología guaraní,Criatura
https://es.wikipedia.org/wiki/Kurup%C3%AD,Kurupí,Mitología guaraní,Monstruo
https://es.wikipedia.org/wiki/Mo%C3%B1%C3%A1i,Moñái,Mitología guaraní,Criatura
https://es.wikipedia.org/wiki/Mo%C3%B1%C3%A1i,Moñái,Mitología guaraní,Dragón
https://es.wikipedia.org/wiki/Pombero,Pombero,Mitología guaraní,Criatura
https://es.wikipedia.org/wiki/San_La_Muerte,San La Muerte,Mitología guaraní,Deidad
https://es.wikipedia.org/wiki/Tey%C3%BA_Yagu%C3%A1,Teyú Yaguá,Mitología guaraní,Dragón
https://es.wikipedia.org/wiki/Tup%C3%A3,Tupã,Mitología guaraní,Deidad
https://es.wikipedia.org/wiki/Yaguaret%C3%A9-Ab%C3%A1,Yaguareté-Abá,Mitología guaraní,Criatura
https://es.wikipedia.org/wiki/Huiracocha_(dios),Huiracocha,Mitología incaica,Deidad
https://es.wikipedia.org/wiki/Illapa,Illapa,Mitología incaica,Deidad
https://es.wikipedia.org/wiki/Inti,Inti,Mitología incaica,Deidad
https://es.wikipedia.org/wiki/Ka-Ata-Killa,Ka-Ata-Killa,Mitología incaica,Deidad
https://es.wikipedia.org/wiki/Kon_(mitolog%C3%ADa_inca),Kon,Mitología incaica,Deidad
https://es.wikipedia.org/wiki/Mama_Sara,Mama Sara,Mitología incaica,Deidad
https://es.wikipedia.org/wiki/Pachac%C3%A1mac,Pachacámac,Mitología incaica,Deidad
https://es.wikipedia.org/wiki/Pachamama,Pachamama,Mitología incaica,Deidad
https://es.wikipedia.org/wiki/Pariacaca_(dios),Pariacaca,Mitología incaica,Deidad
https://es.wikipedia.org/wiki/Willkamayu,Willkamayu,Mitología incaica,Deidad
https://es.wikipedia.org/wiki/Perk%C5%ABnas,Perkūnas,Mitología Báltica,Deidad
https://es.wikipedia.org/wiki/Yahweh,Yahweh,Mitología abrahámica,Deidad
https://es.wikipedia.org/wiki/Al%C3%BB,Alû,Mitología acadia,Demonio
https://es.wikipedia.org/wiki/Amurru_(dios),Amurru,Mitología acadia,Deidad
https://es.wikipedia.org/wiki/Ansar,Ansar,Mitología acadia,Deidad
https://es.wikipedia.org/wiki/Anu,Anu,Mitología acadia,Deidad
https://es.wikipedia.org/wiki/Apsu,Apsu,Mitología acadia,Deidad
https://es.wikipedia.org/wiki/Asakku,Asakku,Mitología acadia,Demonio
https://es.wikipedia.org/wiki/Ashnan,Ashnan,Mitología acadia,Deidad
https://es.wikipedia.org/wiki/Astart%C3%A9,Astarté,Mitología acadia,Deidad
https://es.wikipedia.org/wiki/Aya_(mitolog%C3%ADa),Aya,Mitología acadia,Deidad
https://es.wikipedia.org/wiki/Belit_Ilani,Belit Ilani,Mitología acadia,Deidad
https://es.wikipedia.org/wiki/Edimmu,Edimmu,Mitología acadia,Demonio
https://es.wikipedia.org/wiki/Enlil,Enlil,Mitología acadia,Deidad
https://es.wikipedia.org/wiki/Enlil,Enlil,Mitología acadia,Criatura
https://es.wikipedia.org/wiki/Gaga_(dios),Gaga,Mitología acadia,Deidad
https://es.wikipedia.org/wiki/Gallu,Gallu,Mitología acadia,Demonio
https://es.wikipedia.org/wiki/Gula_(mitolog%C3%ADa),Gula,Mitología acadia,Deidad
https://es.wikipedia.org/wiki/Hanbi,Hanbi,Mitología acadia,Deidad
https://es.wikipedia.org/wiki/Hanbi,Hanbi,Mitología acadia,Demonio
https://es.wikipedia.org/wiki/Hombre_Escorpi%C3%B3n,Hombre Escorpión,Mitología acadia,Criatura
https://es.wikipedia.org/wiki/Humbaba,Humbaba,Mitología acadia,Deidad
https://es.wikipedia.org/wiki/Humbaba,Humbaba,Mitología acadia,Criatura
https://es.wikipedia.org/wiki/Humbaba,Humbaba,Mitología acadia,Gigante
https://es.wikipedia.org/wiki/Humbaba,Humbaba,Mitología acadia,Demonio
https://es.wikipedia.org/wiki/Ilabrat,Ilabrat,Mitología acadia,Deidad
https://es.wikipedia.org/wiki/Imdugud,Imdugud,Mitología acadia,Monstruo
https://es.wikipedia.org/wiki/Imdugud,Imdugud,Mitología acadia,Demonio
https://es.wikipedia.org/wiki/Ishkur,Ishkur,Mitología acadia,Deidad
https://es.wikipedia.org/wiki/Kingu,Kingu,Mitología acadia,Demonio
https://es.wikipedia.org/wiki/Kisar,Kisar,Mitología acadia,Deidad
https://es.wikipedia.org/wiki/Kiskill-lilla,Kiskill-lilla,Mitología acadia,Demonio
https://es.wikipedia.org/wiki/Kur,Kur,Mitología acadia,Dragón
https://es.wikipedia.org/wiki/Lahar_(mitolog%C3%ADa),Lahar,Mitología acadia,Deidad
https://es.wikipedia.org/wiki/Lamashtu,Lamashtu,Mitología acadia,Criatura
https://es.wikipedia.org/wiki/Lamashtu,Lamashtu,Mitología acadia,Demonio
https://es.wikipedia.org/wiki/Lilim,Lilim,Mitología acadia,Demonio
https://es.wikipedia.org/wiki/Mu%C5%A1%E1%B8%ABu%C5%A1%C5%A1u,Mušḫuššu,Mitología acadia,Criatura
https://es.wikipedia.org/wiki/Mu%C5%A1%E1%B8%ABu%C5%A1%C5%A1u,Mušḫuššu,Mitología acadia,Dragón
https://es.wikipedia.org/wiki/Nabu,Nabu,Mitología acadia,Deidad
https://es.wikipedia.org/wiki/Nabu_(DC_Comics),Nabu (DC Comics),Mitología acadia,Deidad
https://es.wikipedia.org/wiki/Nabu_(DC_Comics),Nabu (DC Comics),Mitología acadia,Héroe
https://es.wikipedia.org/wiki/Nammu,Nammu,Mitología acadia,Deidad
https://es.wikipedia.org/wiki/Nanaya,Nanaya,Mitología acadia,Deidad
https://es.wikipedia.org/wiki/Nanshe,Nanshe,Mitología acadia,Deidad
https://es.wikipedia.org/wiki/Ningal,Ningal,Mitología acadia,Deidad
https://es.wikipedia.org/wiki/Ningikuga,Ningikuga,Mitología acadia,Deidad
https://es.wikipedia.org/wiki/Ninhursag,Ninhursag,Mitología acadia,Deidad
https://es.wikipedia.org/wiki/Ninildu,Ninildu,Mitología acadia,Deidad
https://es.wikipedia.org/wiki/Nintu,Nintu,Mitología acadia,Deidad
https://es.wikipedia.org/wiki/Nisaba,Nisaba,Mitología acadia,Deidad
https://es.wikipedia.org/wiki/Papsukkal,Papsukkal,Mitología acadia,Deidad
https://es.wikipedia.org/wiki/Pasittu,Pasittu,Mitología acadia,Demonio
https://es.wikipedia.org/wiki/Pazuzu,Pazuzu,Mitología acadia,Demonio
https://es.wikipedia.org/wiki/Shala,Shala,Mitología acadia,Deidad
https://es.wikipedia.org/wiki/Tasmetu,Tasmetu,Mitología acadia,Deidad
https://es.wikipedia.org/wiki/Tiamat,Tiamat,Mitología acadia,Deidad
https://es.wikipedia.org/wiki/Uanna,Uanna,Mitología acadia,Criatura
https://es.wikipedia.org/wiki/Uttu,Uttu,Mitología acadia,Deidad
https://es.wikipedia.org/wiki/Utukku,Utukku,Mitología acadia,Demonio
https://es.wikipedia.org/wiki/Anansi,Anansi,Mitología afroamericana,Criatura
https://es.wikipedia.org/wiki/Olodumare,Olodumare,Mitología afroamericana,Deidad
https://es.wikipedia.org/wiki/Quimbanda,Quimbanda,Mitología afroamericana,Deidad
https://es.wikipedia.org/wiki/Amaru_(deidad),Amaru,Mitología aimara,Deidad
https://es.wikipedia.org/wiki/Ekeko,Ekeko,Mitología aimara,Deidad
https://es.wikipedia.org/wiki/Mallku,Mallku,Mitología aimara,Deidad
https://es.wikipedia.org/wiki/Pachamama,Pachamama,Mitología aimara,Deidad
https://es.wikipedia.org/wiki/Supay,Supay,Mitología aimara,Demonio
https://es.wikipedia.org/wiki/Azucena_(leyenda_urbana),Azucena (leyenda urbana),Mitología amazónica,Criatura
https://es.wikipedia.org/wiki/Boitat%C3%A1,Boitatá,Mitología amazónica,Criatura
https://es.wikipedia.org/wiki/Boraro,Boraro,Mitología amazónica,Criatura
https://es.wikipedia.org/wiki/Boyuna,Boyuna,Mitología amazónica,Criatura
https://es.wikipedia.org/wiki/Bufeo_colorado,Bufeo colorado,Mitología amazónica,Criatura
https://es.wikipedia.org/wiki/Hombre-mosquito,Hombre-mosquito,Mitología amazónica,Criatura
https://es.wikipedia.org/wiki/Jichi,Jichi,Mitología amazónica,Criatura
https://es.wikipedia.org/wiki/Mapinguar%C3%AD,Mapinguarí,Mitología amazónica,Criatura
https://es.wikipedia.org/wiki/Wirapuru,Wirapuru,Mitología amazónica,Criatura
https://es.wikipedia.org/wiki/Yacumama,Yacumama,Mitología amazónica,Criatura
https://es.wikipedia.org/wiki/Arinnitti,Arinnitti,Mitología anatolia,Deidad
https://es.wikipedia.org/wiki/Boggart,Boggart,Mitología anglosajona,Criatura
https://es.wikipedia.org/wiki/Brownie_(mitolog%C3%ADa),Brownie,Mitología anglosajona,Criatura
https://es.wikipedia.org/wiki/Fear_liath,Fear liath,Mitología anglosajona,Criatura
https://es.wikipedia.org/wiki/Grendel,Grendel,Mitología anglosajona,Criatura
https://es.wikipedia.org/wiki/Grendel,Grendel,Mitología anglosajona,Monstruo
https://es.wikipedia.org/wiki/Grendel,Grendel,Mitología anglosajona,Demonio
https://es.wikipedia.org/wiki/Wisakedjak,Wisakedjak,Mitología anishinaabe,Deidad
https://es.wikipedia.org/wiki/Almamula,Almamula,Mitología argentina,Criatura
https://es.wikipedia.org/wiki/Culebr%C3%B3n_(mitolog%C3%ADa),Culebrón,Mitología argentina,Criatura
https://es.wikipedia.org/wiki/Gigantes_patag%C3%B3nicos,Gigantes patagónicos,Mitología argentina,Gigante
https://es.wikipedia.org/wiki/Nahuelito,Nahuelito,Mitología argentina,Criatura
https://es.wikipedia.org/wiki/Piuch%C3%A9n,Piuchén,Mitología argentina,Criatura
https://es.wikipedia.org/wiki/San_La_Muerte,San La Muerte,Mitología argentina,Deidad
https://es.wikipedia.org/wiki/Yaguaret%C3%A9-Ab%C3%A1,Yaguareté-Abá,Mitología argentina,Criatura
https://es.wikipedia.org/wiki/Anu,Anu,Mitología asiria,Deidad
https://es.wikipedia.org/wiki/Asakku,Asakku,Mitología asiria,Demonio
https://es.wikipedia.org/wiki/Assur_(mitolog%C3%ADa),Assur,Mitología asiria,Deidad
https://es.wikipedia.org/wiki/Astart%C3%A9,Astarté,Mitología asiria,Deidad
https://es.wikipedia.org/wiki/Aya_(mitolog%C3%ADa),Aya,Mitología asiria,Deidad
https://es.wikipedia.org/wiki/Bel,Bel,Mitología asiria,Deidad
https://es.wikipedia.org/wiki/Enlil,Enlil,Mitología asiria,Deidad
https://es.wikipedia.org/wiki/Enlil,Enlil,Mitología asiria,Criatura
https://es.wikipedia.org/wiki/Gaga_(dios),Gaga,Mitología asiria,Deidad
https://es.wikipedia.org/wiki/Gula_(mitolog%C3%ADa),Gula,Mitología asiria,Deidad
https://es.wikipedia.org/wiki/Hadad,Hadad,Mitología asiria,Deidad
https://es.wikipedia.org/wiki/Lammasu,Lammasu,Mitología asiria,Deidad
https://es.wikipedia.org/wiki/Lammasu,Lammasu,Mitología asiria,Criatura
https://es.wikipedia.org/wiki/Marduk,Marduk,Mitología asiria,Deidad
https://es.wikipedia.org/wiki/Shala,Shala,Mitología asiria,Deidad
https://es.wikipedia.org/wiki/Tasmetu,Tasmetu,Mitología asiria,Deidad
https://es.wikipedia.org/wiki/Lavandeira_(mitolog%C3%ADa),Lavandeira,Mitología asturiana,Criatura
https://es.wikipedia.org/wiki/Perro_de_Urco,Perro de Urco,Mitología asturiana,Criatura
https://es.wikipedia.org/wiki/Ad%C3%B3n_(mitolog%C3%ADa),Adón,Mitología babilónica,Deidad
https://es.wikipedia.org/wiki/Ansar,Ansar,Mitología babilónica,Deidad
https://es.wikipedia.org/wiki/Anu,Anu,Mitología babilónica,Deidad
https://es.wikipedia.org/wiki/Apsu,Apsu,Mitología babilónica,Deidad
https://es.wikipedia.org/wiki/Ashnan,Ashnan,Mitología babilónica,Deidad
https://es.wikipedia.org/wiki/Astart%C3%A9,Astarté,Mitología babilónica,Deidad
https://es.wikipedia.org/wiki/Aya_(mitolog%C3%ADa),Aya,Mitología babilónica,Deidad
https://es.wikipedia.org/wiki/Bel,Bel,Mitología babilónica,Deidad
https://es.wikipedia.org/wiki/Belit_Ilani,Belit Ilani,Mitología babilónica,Deidad
https://es.wikipedia.org/wiki/Damu,Damu,Mitología babilónica,Deidad
https://es.wikipedia.org/wiki/Edimmu,Edimmu,Mitología babilónica,Demonio
https://es.wikipedia.org/wiki/Enlil,Enlil,Mitología babilónica,Deidad
https://es.wikipedia.org/wiki/Enlil,Enlil,Mitología babilónica,Criatura
https://es.wikipedia.org/wiki/Gaga_(dios),Gaga,Mitología babilónica,Deidad
https://es.wikipedia.org/wiki/Gula_(mitolog%C3%ADa),Gula,Mitología babilónica,Deidad
https://es.wikipedia.org/wiki/Humbaba,Humbaba,Mitología babilónica,Deidad
https://es.wikipedia.org/wiki/Humbaba,Humbaba,Mitología babilónica,Criatura
https://es.wikipedia.org/wiki/Humbaba,Humbaba,Mitología babilónica,Gigante
https://es.wikipedia.org/wiki/Humbaba,Humbaba,Mitología babilónica,Demonio
https://es.wikipedia.org/wiki/Imdugud,Imdugud,Mitología babilónica,Monstruo
https://es.wikipedia.org/wiki/Imdugud,Imdugud,Mitología babilónica,Demonio
https://es.wikipedia.org/wiki/Ishkur,Ishkur,Mitología babilónica,Deidad
https://es.wikipedia.org/wiki/Ishtar,Ishtar,Mitología babilónica,Deidad
https://es.wikipedia.org/wiki/Kingu,Kingu,Mitología babilónica,Demonio
https://es.wikipedia.org/wiki/Kisar,Kisar,Mitología babilónica,Deidad
https://es.wikipedia.org/wiki/Kur,Kur,Mitología babilónica,Dragón
https://es.wikipedia.org/wiki/Lahar_(mitolog%C3%ADa),Lahar,Mitología babilónica,Deidad
https://es.wikipedia.org/wiki/Marduk,Marduk,Mitología babilónica,Deidad
https://es.wikipedia.org/wiki/Mu%C5%A1%E1%B8%ABu%C5%A1%C5%A1u,Mušḫuššu,Mitología babilónica,Criatura
https://es.wikipedia.org/wiki/Mu%C5%A1%E1%B8%ABu%C5%A1%C5%A1u,Mušḫuššu,Mitología babilónica,Dragón
https://es.wikipedia.org/wiki/Nabu,Nabu,Mitología babilónica,Deidad
https://es.wikipedia.org/wiki/Nabu_(DC_Comics),Nabu (DC Comics),Mitología babilónica,Deidad
https://es.wikipedia.org/wiki/Nabu_(DC_Comics),Nabu (DC Comics),Mitología babilónica,Héroe
https://es.wikipedia.org/wiki/Nammu,Nammu,Mitología babilónica,Deidad
https://es.wikipedia.org/wiki/Nanaya,Nanaya,Mitología babilónica,Deidad
https://es.wikipedia.org/wiki/Nergal,Nergal,Mitología babilónica,Deidad
https://es.wikipedia.org/wiki/Nergal,Nergal,Mitología babilónica,Demonio
https://es.wikipedia.org/wiki/Nibiru_(planeta),Nibiru (planeta),Mitología babilónica,Deidad
https://es.wikipedia.org/wiki/Ningikuga,Ningikuga,Mitología babilónica,Deidad
https://es.wikipedia.org/wiki/Ninhursag,Ninhursag,Mitología babilónica,Deidad
https://es.wikipedia.org/wiki/Ninildu,Ninildu,Mitología babilónica,Deidad
https://es.wikipedia.org/wiki/Nintu,Nintu,Mitología babilónica,Deidad
https://es.wikipedia.org/wiki/Nisaba,Nisaba,Mitología babilónica,Deidad
https://es.wikipedia.org/wiki/Pasittu,Pasittu,Mitología babilónica,Demonio
https://es.wikipedia.org/wiki/Pazuzu,Pazuzu,Mitología babilónica,Demonio
https://es.wikipedia.org/wiki/Sarpanitu,Sarpanitu,Mitología babilónica,Deidad
https://es.wikipedia.org/wiki/Shala,Shala,Mitología babilónica,Deidad
https://es.wikipedia.org/wiki/Tasmetu,Tasmetu,Mitología babilónica,Deidad
https://es.wikipedia.org/wiki/Tiamat,Tiamat,Mitología babilónica,Deidad
https://es.wikipedia.org/wiki/Uttu,Uttu,Mitología babilónica,Deidad
https://es.wikipedia.org/wiki/Utukku,Utukku,Mitología babilónica,Demonio
https://es.wikipedia.org/wiki/Anteo,Anteo,Mitología bereber,Criatura
https://es.wikipedia.org/wiki/Anteo,Anteo,Mitología bereber,Gigante
https://es.wikipedia.org/wiki/Dii_Mauri,Dii Mauri,Mitología bereber,Deidad
https://es.wikipedia.org/wiki/Gurzil,Gurzil,Mitología bereber,Deidad
https://es.wikipedia.org/wiki/Tanit,Tanit,Mitología bereber,Deidad
https://es.wikipedia.org/wiki/Huiracocha_(dios),Huiracocha,Mitología boliviana,Deidad
https://es.wikipedia.org/wiki/Jichi,Jichi,Mitología boliviana,Criatura
https://es.wikipedia.org/wiki/Supay,Supay,Mitología boliviana,Demonio
https://es.wikipedia.org/wiki/S%C3%B2rburu,Sòrburu,Mitología bribri,Demonio
https://es.wikipedia.org/wiki/S%C3%B3rkura,Sórkura,Mitología bribri,Demonio
https://es.wikipedia.org/wiki/Amala_(mitolog%C3%ADa),Amala,Mitología canadiense,Criatura
https://es.wikipedia.org/wiki/Amala_(mitolog%C3%ADa),Amala,Mitología canadiense,Gigante
https://es.wikipedia.org/wiki/Gaasyendietha,Gaasyendietha,Mitología canadiense,Criatura
https://es.wikipedia.org/wiki/Gaasyendietha,Gaasyendietha,Mitología canadiense,Dragón
https://es.wikipedia.org/wiki/Ogopogo,Ogopogo,Mitología canadiense,Criatura
https://es.wikipedia.org/wiki/Sidehill_gouger,Sidehill gouger,Mitología canadiense,Criatura
https://es.wikipedia.org/wiki/Wendigo,Wendigo,Mitología canadiense,Criatura
https://es.wikipedia.org/wiki/Baal,Baal,Mitología cananea,Deidad
https://es.wikipedia.org/wiki/El_(dios_sem%C3%ADtico),El (dios semítico),Mitología cananea,Deidad
https://es.wikipedia.org/wiki/Elohim,Elohim,Mitología cananea,Deidad
https://es.wikipedia.org/wiki/Yam_(dios),Yam,Mitología cananea,Deidad
https://es.wikipedia.org/wiki/Astarot,Astarot,Mitología cananea,Deidad
https://es.wikipedia.org/wiki/Enlil,Enlil,Mitología cananea,Deidad
https://es.wikipedia.org/wiki/Enlil,Enlil,Mitología cananea,Criatura
https://es.wikipedia.org/wiki/Yahweh,Yahweh,Mitología cananea,Deidad
https://es.wikipedia.org/wiki/Yarij,Yarij,Mitología cananea,Deidad
https://es.wikipedia.org/wiki/Adramelec,Adramelec,Mitología cartaginesa,Deidad
https://es.wikipedia.org/wiki/Allatu,Allatu,Mitología cartaginesa,Deidad
https://es.wikipedia.org/wiki/Baal_Hammon,Baal Hammon,Mitología cartaginesa,Deidad
https://es.wikipedia.org/wiki/Caelestis,Caelestis,Mitología cartaginesa,Deidad
https://es.wikipedia.org/wiki/Tanit,Tanit,Mitología cartaginesa,Deidad
https://es.wikipedia.org/wiki/Diablo_Cojuelo,Diablo Cojuelo,Mitología castellana,Demonio
https://es.wikipedia.org/wiki/Gamusino,Gamusino,Mitología castellana,Criatura
https://es.wikipedia.org/wiki/Martinico,Martinico,Mitología castellana,Criatura
https://es.wikipedia.org/wiki/Dip_(mitolog%C3%ADa),Dip,Mitología catalana,Criatura
https://es.wikipedia.org/wiki/Gamusino,Gamusino,Mitología catalana,Criatura
https://es.wikipedia.org/wiki/Marraco,Marraco,Mitología catalana,Dragón
https://es.wikipedia.org/wiki/Muladona,Muladona,Mitología catalana,Criatura
https://es.wikipedia.org/wiki/Pesanta,Pesanta,Mitología catalana,Criatura
https://es.wikipedia.org/wiki/Bachu%C3%A9,Bachué,Mitología chibcha,Deidad
https://es.wikipedia.org/wiki/Bochica,Bochica,Mitología chibcha,Deidad
https://es.wikipedia.org/wiki/Chaquen,Chaquen,Mitología chibcha,Deidad
https://es.wikipedia.org/wiki/Ch%C3%ADa_(mitolog%C3%ADa),Chía,Mitología chibcha,Deidad
https://es.wikipedia.org/wiki/Huitaca,Huitaca,Mitología chibcha,Deidad
https://es.wikipedia.org/wiki/Alicanto,Alicanto,Mitología chilena,Criatura
https://es.wikipedia.org/wiki/Ayayema,Ayayema,Mitología chilena,Deidad
https://es.wikipedia.org/wiki/Calchona,Calchona,Mitología chilena,Criatura
https://es.wikipedia.org/wiki/Culebr%C3%B3n_(mitolog%C3%ADa),Culebrón,Mitología chilena,Criatura
https://es.wikipedia.org/wiki/Elal,Elal,Mitología chilena,Héroe
https://es.wikipedia.org/wiki/Gigantes_patag%C3%B3nicos,Gigantes patagónicos,Mitología chilena,Gigante
https://es.wikipedia.org/wiki/K%27aux,K'aux,Mitología chilena,Deidad
https://es.wikipedia.org/wiki/K%27aux,K'aux,Mitología chilena,Héroe
https://es.wikipedia.org/wiki/K%C3%B3och,Kóoch,Mitología chilena,Deidad
https://es.wikipedia.org/wiki/Nosjthej,Nosjthej,Mitología chilena,Gigante
https://es.wikipedia.org/wiki/Nosjthej,Nosjthej,Mitología chilena,Héroe
https://es.wikipedia.org/wiki/Piuch%C3%A9n,Piuchén,Mitología chilena,Criatura
https://es.wikipedia.org/wiki/Supay,Supay,Mitología chilena,Demonio
https://es.wikipedia.org/wiki/Bolefuego,Bolefuego,Mitología colombiana,Criatura
https://es.wikipedia.org/wiki/Boraro,Boraro,Mitología colombiana,Criatura
https://es.wikipedia.org/wiki/Hombre_Caim%C3%A1n,Hombre Caimán,Mitología colombiana,Criatura
https://es.wikipedia.org/wiki/Moh%C3%A1n,Mohán,Mitología colombiana,Criatura
https://es.wikipedia.org/wiki/Calchona,Calchona,Mitología de América,Criatura
https://es.wikipedia.org/wiki/Chupacabras,Chupacabras,Mitología de América,Criatura
https://es.wikipedia.org/wiki/Chupacabras,Chupacabras,Mitología de América,Monstruo
https://es.wikipedia.org/wiki/Llorona,Llorona,Mitología de América,Criatura
https://es.wikipedia.org/wiki/Nahual,Nahual,Mitología de América,Criatura
https://es.wikipedia.org/wiki/Ratoncito_P%C3%A9rez,Ratoncito Pérez,Mitología de América,Criatura
https://es.wikipedia.org/wiki/Cadejo,Cadejo,Mitología de América Central,Criatura
https://es.wikipedia.org/wiki/Cegua,Cegua,Mitología de América Central,Criatura
https://es.wikipedia.org/wiki/Cegua,Cegua,Mitología de América Central,Monstruo
https://es.wikipedia.org/wiki/C%C3%ADclope_de_la_selva_Misquita,Cíclope de la selva Misquita,Mitología de América Central,Criatura
https://es.wikipedia.org/wiki/Due%C3%B1o_del_monte,Dueño del monte,Mitología de América Central,Gigante
https://es.wikipedia.org/wiki/Mona_(leyenda),Mona (leyenda),Mitología de América Central,Criatura
https://es.wikipedia.org/wiki/Siguanaba,Siguanaba,Mitología de América Central,Criatura
https://es.wikipedia.org/wiki/Siguanaba,Siguanaba,Mitología de América Central,Monstruo
https://es.wikipedia.org/wiki/Siguanaba,Siguanaba,Mitología de América Central,Demonio
https://es.wikipedia.org/wiki/Tata_Duende,Tata Duende,Mitología de América Central,Criatura
https://es.wikipedia.org/wiki/Tulevieja,Tulevieja,Mitología de América Central,Criatura
https://es.wikipedia.org/wiki/Amotken,Amotken,Mitología de América del Norte,Deidad
https://es.wikipedia.org/wiki/Awonawilona,Awonawilona,Mitología de América del Norte,Deidad
https://es.wikipedia.org/wiki/Bruja_Codos,Bruja Codos,Mitología de América del Norte,Criatura
https://es.wikipedia.org/wiki/Coyote_(mitolog%C3%ADa),Coyote,Mitología de América del Norte,Criatura
https://es.wikipedia.org/wiki/Michap%C3%BA,Michapú,Mitología de América del Norte,Deidad
https://es.wikipedia.org/wiki/Piasa,Piasa,Mitología de América del Norte,Criatura
https://es.wikipedia.org/wiki/Piasa,Piasa,Mitología de América del Norte,Monstruo
https://es.wikipedia.org/wiki/Amaru_Aranway,Amaru Aranway,Mitología de América del Sur,Criatura
https://es.wikipedia.org/wiki/Ayayema,Ayayema,Mitología de América del Sur,Deidad
https://es.wikipedia.org/wiki/Calchona,Calchona,Mitología de América del Sur,Criatura
https://es.wikipedia.org/wiki/Carbunclo_(mitolog%C3%ADa),Carbunclo,Mitología de América del Sur,Criatura
https://es.wikipedia.org/wiki/Carbunclo_(mitolog%C3%ADa),Carbunclo,Mitología de América del Sur,Dragón
https://es.wikipedia.org/wiki/Catequil,Catequil,Mitología de América del Sur,Deidad
https://es.wikipedia.org/wiki/%C4%8C%C3%A9nuke,Čénuke,Mitología de América del Sur,Deidad
https://es.wikipedia.org/wiki/Coco_(folclore),Coco (folclore),Mitología de América del Sur,Criatura
https://es.wikipedia.org/wiki/Coco_(folclore),Coco (folclore),Mitología de América del Sur,Monstruo
https://es.wikipedia.org/wiki/Curspi,Curspi,Mitología de América del Sur,Demonio
https://es.wikipedia.org/wiki/Elal,Elal,Mitología de América del Sur,Héroe
https://es.wikipedia.org/wiki/Hanuch,Hanuch,Mitología de América del Sur,Criatura
https://es.wikipedia.org/wiki/Howenh,Howenh,Mitología de América del Sur,Deidad
https://es.wikipedia.org/wiki/Jichi,Jichi,Mitología de América del Sur,Criatura
https://es.wikipedia.org/wiki/K%27aux,K'aux,Mitología de América del Sur,Deidad
https://es.wikipedia.org/wiki/K%27aux,K'aux,Mitología de América del Sur,Héroe
https://es.wikipedia.org/wiki/Kachpik,Kachpik,Mitología de América del Sur,Demonio
https://es.wikipedia.org/wiki/Kasogonaga,Kasogonaga,Mitología de América del Sur,Deidad
https://es.wikipedia.org/wiki/K%C3%A9nos,Kénos,Mitología de América del Sur,Deidad
https://es.wikipedia.org/wiki/Kojh,Kojh,Mitología de América del Sur,Deidad
https://es.wikipedia.org/wiki/K%C3%B3och,Kóoch,Mitología de América del Sur,Deidad
https://es.wikipedia.org/wiki/Kren,Kren,Mitología de América del Sur,Deidad
https://es.wikipedia.org/wiki/Kw%C3%A1nyip,Kwányip,Mitología de América del Sur,Deidad
https://es.wikipedia.org/wiki/Llorona,Llorona,Mitología de América del Sur,Criatura
https://es.wikipedia.org/wiki/Nosjthej,Nosjthej,Mitología de América del Sur,Gigante
https://es.wikipedia.org/wiki/Nosjthej,Nosjthej,Mitología de América del Sur,Héroe
https://es.wikipedia.org/wiki/Shenrr,Shenrr,Mitología de América del Sur,Deidad
https://es.wikipedia.org/wiki/Siguanaba,Siguanaba,Mitología de América del Sur,Criatura
https://es.wikipedia.org/wiki/Siguanaba,Siguanaba,Mitología de América del Sur,Monstruo
https://es.wikipedia.org/wiki/Siguanaba,Siguanaba,Mitología de América del Sur,Demonio
https://es.wikipedia.org/wiki/Tem%C3%A1ukel,Temáukel,Mitología de América del Sur,Deidad
https://es.wikipedia.org/wiki/T%C3%ADo_Pachamama,Tío Pachamama,Mitología de América del Sur,Deidad
https://es.wikipedia.org/wiki/Tunda,Tunda,Mitología de América del Sur,Criatura
https://es.wikipedia.org/wiki/Watauinewa,Watauinewa,Mitología de América del Sur,Deidad
https://es.wikipedia.org/wiki/Wintek,Wintek,Mitología de América del Sur,Deidad
https://es.wikipedia.org/wiki/Xalpen,Xalpen,Mitología de América del Sur,Deidad
https://es.wikipedia.org/wiki/Argos_Panoptes,Argos Panoptes,Mitología de Argólida,Gigante
https://es.wikipedia.org/wiki/Argos_Panoptes,Argos Panoptes,Mitología de Argólida,Monstruo
https://es.wikipedia.org/wiki/Aisyt,Aisyt,Mitología de Asia,Deidad
https://es.wikipedia.org/wiki/Aka_Allghoi_Khorhoi,Aka Allghoi Khorhoi,Mitología de Asia,Criatura
https://es.wikipedia.org/wiki/Alamelamma,Alamelamma,Mitología de Asia,Deidad
https://es.wikipedia.org/wiki/Caballo_de_viento,Caballo de viento,Mitología de Asia,Criatura
https://es.wikipedia.org/wiki/Kannagi,Kannagi,Mitología de Asia,Deidad
https://es.wikipedia.org/wiki/Phaya_Naga,Phaya Naga,Mitología de Asia,Criatura
https://es.wikipedia.org/wiki/Sosl%C3%A1n,Soslán,Mitología de Asia,Deidad
https://es.wikipedia.org/wiki/Yeti,Yeti,Mitología de Asia,Criatura
https://es.wikipedia.org/wiki/Yeti,Yeti,Mitología de Asia,Monstruo
https://es.wikipedia.org/wiki/Odrub,Odrub,Mitología de Asia Oriental,Deidad
https://es.wikipedia.org/wiki/Sariafing,Sariafing,Mitología de Asia Oriental,Demonio
https://es.wikipedia.org/wiki/Ariadna,Ariadna,Mitología de Creta,Deidad
https://es.wikipedia.org/wiki/Britomartis,Britomartis,Mitología de Creta,Deidad
https://es.wikipedia.org/wiki/Carme_(mitolog%C3%ADa),Carme,Mitología de Creta,Deidad
https://es.wikipedia.org/wiki/Talos,Talos,Mitología de Creta,Gigante
https://es.wikipedia.org/wiki/Abnoba,Abnoba,Mitología de Europa,Deidad
https://es.wikipedia.org/wiki/Aramazd,Aramazd,Mitología de Europa,Deidad
https://es.wikipedia.org/wiki/Caballo_Martillo,Caballo Martillo,Mitología de Europa,Criatura
https://es.wikipedia.org/wiki/Caballo_Martillo,Caballo Martillo,Mitología de Europa,Monstruo
https://es.wikipedia.org/wiki/Conejo_de_Pascua,Conejo de Pascua,Mitología de Europa,Criatura
https://es.wikipedia.org/wiki/Endriago,Endriago,Mitología de Europa,Criatura
https://es.wikipedia.org/wiki/Endriago,Endriago,Mitología de Europa,Dragón
https://es.wikipedia.org/wiki/Esci%C3%A1podo,Esciápodo,Mitología de Europa,Criatura
https://es.wikipedia.org/wiki/Hombre_lobo,Hombre lobo,Mitología de Europa,Criatura
https://es.wikipedia.org/wiki/Hombre_lobo,Hombre lobo,Mitología de Europa,Monstruo
https://es.wikipedia.org/wiki/Hombre_tigre,Hombre tigre,Mitología de Europa,Criatura
https://es.wikipedia.org/wiki/Leucrota,Leucrota,Mitología de Europa,Criatura
https://es.wikipedia.org/wiki/Monopodo,Monopodo,Mitología de Europa,Criatura
https://es.wikipedia.org/wiki/Monstruo_del_lago_Ness,Monstruo del lago Ness,Mitología de Europa,Criatura
https://es.wikipedia.org/wiki/Ratoncito_P%C3%A9rez,Ratoncito Pérez,Mitología de Europa,Criatura
https://es.wikipedia.org/wiki/Shtozote,Shtozote,Mitología de Europa,Criatura
https://es.wikipedia.org/wiki/Shtriga,Shtriga,Mitología de Europa,Criatura
https://es.wikipedia.org/wiki/Sosl%C3%A1n,Soslán,Mitología de Europa,Deidad
https://es.wikipedia.org/wiki/Tatzelwurm,Tatzelwurm,Mitología de Europa,Criatura
https://es.wikipedia.org/wiki/Tatzelwurm,Tatzelwurm,Mitología de Europa,Dragón
https://es.wikipedia.org/wiki/Ur%C3%B3boros,Uróboros,Mitología de Europa,Criatura
https://es.wikipedia.org/wiki/Zlatorog,Zlatorog,Mitología de Europa,Criatura
https://es.wikipedia.org/wiki/Cu%C3%A9lebre,Cuélebre,Mitología de Galicia,Criatura
https://es.wikipedia.org/wiki/Gamusino,Gamusino,Mitología de Galicia,Criatura
https://es.wikipedia.org/wiki/Hombre_lobo,Hombre lobo,Mitología de Galicia,Criatura
https://es.wikipedia.org/wiki/Hombre_lobo,Hombre lobo,Mitología de Galicia,Monstruo
https://es.wikipedia.org/wiki/Lavandeira_(mitolog%C3%ADa),Lavandeira,Mitología de Galicia,Criatura
https://es.wikipedia.org/wiki/Mouro,Mouro,Mitología de Galicia,Criatura
https://es.wikipedia.org/wiki/Nuberu_(mitolog%C3%ADa),Nuberu,Mitología de Galicia,Criatura
https://es.wikipedia.org/wiki/Perro_de_Urco,Perro de Urco,Mitología de Galicia,Criatura
https://es.wikipedia.org/wiki/Trasgo,Trasgo,Mitología de Galicia,Criatura
https://es.wikipedia.org/wiki/Trasno,Trasno,Mitología de Galicia,Criatura
https://es.wikipedia.org/wiki/%C3%96rd%C3%B6g,Ördög,Mitología de Hungría,Criatura
https://es.wikipedia.org/wiki/%C3%96rd%C3%B6g,Ördög,Mitología de Hungría,Demonio
https://es.wikipedia.org/wiki/Turul,Turul,Mitología de Hungría,Criatura
https://es.wikipedia.org/wiki/Lotan,Lotan,Mitología de Levante,Dragón
https://es.wikipedia.org/wiki/Lotan,Lotan,Mitología de Levante,Monstruo
https://es.wikipedia.org/wiki/Abere,Abere,Mitología de Melanesia,Demonio
https://es.wikipedia.org/wiki/Gazeka,Gazeka,Mitología de Melanesia,Criatura
https://es.wikipedia.org/wiki/Areop-Enap,Areop-Enap,Mitología de Micronesia,Deidad
https://es.wikipedia.org/wiki/Isokelekel,Isokelekel,Mitología de Micronesia,Héroe
https://es.wikipedia.org/wiki/Pont%C3%A1n,Pontán,Mitología de Micronesia,Deidad
https://es.wikipedia.org/wiki/Atea_(mitolog%C3%ADa),Atea,Mitología de Polinesia,Deidad
https://es.wikipedia.org/wiki/Tangaloa,Tangaloa,Mitología de Polinesia,Deidad
https://es.wikipedia.org/wiki/Balaur,Balaur,Mitología de Rumania,Dragón
https://es.wikipedia.org/wiki/Balaur,Balaur,Mitología de Rumania,Monstruo
https://es.wikipedia.org/wiki/Zburator,Zburator,Mitología de Rumania,Dragón
https://es.wikipedia.org/wiki/Agoyo,Agoyo,Mitología de África,Deidad
https://es.wikipedia.org/wiki/Anansi,Anansi,Mitología de África,Criatura
https://es.wikipedia.org/wiki/Hombre_hiena,Hombre hiena,Mitología de África,Criatura
https://es.wikipedia.org/wiki/Kongamato,Kongamato,Mitología de África,Criatura
https://es.wikipedia.org/wiki/Ou%C3%A9draogo,Ouédraogo,Mitología de África,Criatura
https://es.wikipedia.org/wiki/Aka_Allghoi_Khorhoi,Aka Allghoi Khorhoi,Mitología del Asia Central,Criatura
https://es.wikipedia.org/wiki/Almas_(cr%C3%ADptido),Almas (críptido),Mitología del Asia Central,Criatura
https://es.wikipedia.org/wiki/P%C3%A1jaro_diablo,Pájaro diablo,Mitología del Asia meridional,Criatura
https://es.wikipedia.org/wiki/Chuchunya,Chuchunya,Mitología del Asia norte,Criatura
https://es.wikipedia.org/wiki/Kutkh,Kutkh,Mitología del Asia norte,Deidad
https://es.wikipedia.org/wiki/Asuang,Asuang,Mitología del Asia sureste,Demonio
https://es.wikipedia.org/wiki/Dewi_Shri,Dewi Shri,Mitología del Asia sureste,Deidad
https://es.wikipedia.org/wiki/Orang_Pendek,Orang Pendek,Mitología del Asia sureste,Criatura
https://es.wikipedia.org/wiki/Chickcharnie,Chickcharnie,Mitología del Caribe,Criatura
https://es.wikipedia.org/wiki/Hombre_Caim%C3%A1n,Hombre Caimán,Mitología del Caribe,Criatura
https://es.wikipedia.org/wiki/Jumbee,Jumbee,Mitología del Caribe,Demonio
https://es.wikipedia.org/wiki/Loa_(vud%C3%BA),Loa (vudú),Mitología del Caribe,Deidad
https://es.wikipedia.org/wiki/Madre_de_aguas,Madre de aguas,Mitología del Caribe,Criatura
https://es.wikipedia.org/wiki/Akerbeltz,Akerbeltz,Mitología del País Vasco,Demonio
https://es.wikipedia.org/wiki/Amalur,Amalur,Mitología del País Vasco,Deidad
https://es.wikipedia.org/wiki/Basajaun,Basajaun,Mitología del País Vasco,Criatura
https://es.wikipedia.org/wiki/Basandere,Basandere,Mitología del País Vasco,Criatura
https://es.wikipedia.org/wiki/Galtzagorri,Galtzagorri,Mitología del País Vasco,Criatura
https://es.wikipedia.org/wiki/Gaueko,Gaueko,Mitología del País Vasco,Criatura
https://es.wikipedia.org/wiki/Herensuge,Herensuge,Mitología del País Vasco,Dragón
https://es.wikipedia.org/wiki/Jentil,Jentil,Mitología del País Vasco,Gigante
https://es.wikipedia.org/wiki/Lamia,Lamia,Mitología del País Vasco,Criatura
https://es.wikipedia.org/wiki/Lamia,Lamia,Mitología del País Vasco,Monstruo
https://es.wikipedia.org/wiki/Lamia,Lamia,Mitología del País Vasco,Demonio
https://es.wikipedia.org/wiki/Mairu,Mairu,Mitología del País Vasco,Gigante
https://es.wikipedia.org/wiki/Momotxorro,Momotxorro,Mitología del País Vasco,Criatura
https://es.wikipedia.org/wiki/San_Martinico,San Martinico,Mitología del País Vasco,Deidad
https://es.wikipedia.org/wiki/Sugaar_(mitolog%C3%ADa),Sugaar,Mitología del País Vasco,Deidad
https://es.wikipedia.org/wiki/Sugaar_(mitolog%C3%ADa),Sugaar,Mitología del País Vasco,Dragón
https://es.wikipedia.org/wiki/Tartalo,Tartalo,Mitología del País Vasco,Gigante
https://es.wikipedia.org/wiki/Buraq,Buraq,Mitología del islam,Criatura
https://es.wikipedia.org/wiki/Nasreddin,Nasreddin,Mitología del islam,Héroe
https://es.wikipedia.org/wiki/Ariel_(demonio),Ariel (demonio),Mitología del judaísmo,Demonio
https://es.wikipedia.org/wiki/Asmodeo,Asmodeo,Mitología del judaísmo,Demonio
https://es.wikipedia.org/wiki/Azrael,Azrael,Mitología del judaísmo,Deidad
https://es.wikipedia.org/wiki/Balberith,Balberith,Mitología del judaísmo,Deidad
https://es.wikipedia.org/wiki/Balberith,Balberith,Mitología del judaísmo,Demonio
https://es.wikipedia.org/wiki/Benthamele%C3%B3n,Benthameleón,Mitología del judaísmo,Demonio
https://es.wikipedia.org/wiki/Diablo,Diablo,Mitología del judaísmo,Deidad
https://es.wikipedia.org/wiki/Diablo,Diablo,Mitología del judaísmo,Criatura
https://es.wikipedia.org/wiki/Diablo,Diablo,Mitología del judaísmo,Monstruo
https://es.wikipedia.org/wiki/Diablo,Diablo,Mitología del judaísmo,Demonio
https://es.wikipedia.org/wiki/Dybbuk,Dybbuk,Mitología del judaísmo,Demonio
https://es.wikipedia.org/wiki/Grigori,Grigori,Mitología del judaísmo,Demonio
https://es.wikipedia.org/wiki/Leviat%C3%A1n,Leviatán,Mitología del judaísmo,Monstruo
https://es.wikipedia.org/wiki/Leviat%C3%A1n,Leviatán,Mitología del judaísmo,Demonio
https://es.wikipedia.org/wiki/Lilim,Lilim,Mitología del judaísmo,Demonio
https://es.wikipedia.org/wiki/Lilit,Lilit,Mitología del judaísmo,Demonio
https://es.wikipedia.org/wiki/Lucifer,Lucifer,Mitología del judaísmo,Deidad
https://es.wikipedia.org/wiki/Lucifer,Lucifer,Mitología del judaísmo,Demonio
https://es.wikipedia.org/wiki/Naam%C3%A1_(demonio),Naamá (demonio),Mitología del judaísmo,Demonio
https://es.wikipedia.org/wiki/Namm%C3%A1,Nammá,Mitología del judaísmo,Demonio
https://es.wikipedia.org/wiki/Nefilim,Nefilim,Mitología del judaísmo,Gigante
https://es.wikipedia.org/wiki/Rahab_(demonio),Rahab (demonio),Mitología del judaísmo,Monstruo
https://es.wikipedia.org/wiki/Rahab_(demonio),Rahab (demonio),Mitología del judaísmo,Demonio
https://es.wikipedia.org/wiki/Samael,Samael,Mitología del judaísmo,Demonio
https://es.wikipedia.org/wiki/Sebaot,Sebaot,Mitología del judaísmo,Deidad
https://es.wikipedia.org/wiki/Ziz,Ziz,Mitología del judaísmo,Criatura
https://es.wikipedia.org/wiki/Ziz,Ziz,Mitología del judaísmo,Monstruo
https://es.wikipedia.org/wiki/Chernabog,Chernabog,Mitología eslava,Deidad
https://es.wikipedia.org/wiki/Domovik,Domovik,Mitología eslava,Criatura
https://es.wikipedia.org/wiki/Drag%C3%B3n_de_Wawel,Dragón de Wawel,Mitología eslava,Dragón
https://es.wikipedia.org/wiki/Drag%C3%B3n_eslavo,Dragón eslavo,Mitología eslava,Dragón
https://es.wikipedia.org/wiki/Lada_(mitolog%C3%ADa),Lada,Mitología eslava,Deidad
https://es.wikipedia.org/wiki/Lisovik,Lisovik,Mitología eslava,Criatura
https://es.wikipedia.org/wiki/Per%C3%BAn,Perún,Mitología eslava,Deidad
https://es.wikipedia.org/wiki/Svarog,Svarog,Mitología eslava,Deidad
https://es.wikipedia.org/wiki/Veles,Veles,Mitología eslava,Deidad
https://es.wikipedia.org/wiki/Vodn%C3%ADk,Vodník,Mitología eslava,Criatura
https://es.wikipedia.org/wiki/Yarilo,Yarilo,Mitología eslava,Deidad
https://es.wikipedia.org/wiki/Zduha%C4%87,Zduhać,Mitología eslava,Criatura
https://es.wikipedia.org/wiki/Coso_(mitolog%C3%ADa),Coso,Mitología española,Deidad
https://es.wikipedia.org/wiki/Tarasca_(criatura_mitol%C3%B3gica),Tarasca (criatura mitológica),Mitología española,Criatura
https://es.wikipedia.org/wiki/Tarasca_(criatura_mitol%C3%B3gica),Tarasca (criatura mitológica),Mitología española,Dragón
https://es.wikipedia.org/wiki/Abuela_Ara%C3%B1a,Abuela Araña,Mitología estadounidense,Deidad
https://es.wikipedia.org/wiki/Abuela_Ara%C3%B1a,Abuela Araña,Mitología estadounidense,Criatura
https://es.wikipedia.org/wiki/Amala_(mitolog%C3%ADa),Amala,Mitología estadounidense,Criatura
https://es.wikipedia.org/wiki/Amala_(mitolog%C3%ADa),Amala,Mitología estadounidense,Gigante
https://es.wikipedia.org/wiki/Bogeyman,Bogeyman,Mitología estadounidense,Monstruo
https://es.wikipedia.org/wiki/Deer_Woman,Deer Woman,Mitología estadounidense,Criatura
https://es.wikipedia.org/wiki/Diablo_de_Jersey,Diablo de Jersey,Mitología estadounidense,Criatura
https://es.wikipedia.org/wiki/Hombre_polilla,Hombre polilla,Mitología estadounidense,Monstruo
https://es.wikipedia.org/wiki/Jackalope,Jackalope,Mitología estadounidense,Criatura
https://es.wikipedia.org/wiki/Ni%C3%B1os_de_ojos_negros,Niños de ojos negros,Mitología estadounidense,Criatura
https://es.wikipedia.org/wiki/Pie_Grande,Pie Grande,Mitología estadounidense,Criatura
https://es.wikipedia.org/wiki/Rougarou,Rougarou,Mitología estadounidense,Criatura
https://es.wikipedia.org/wiki/Adonis,Adonis,Mitología fenicia,Deidad
https://es.wikipedia.org/wiki/Baaltis,Baaltis,Mitología fenicia,Deidad
https://es.wikipedia.org/wiki/Dag%C3%B3n,Dagón,Mitología fenicia,Deidad
https://es.wikipedia.org/wiki/Dag%C3%B3n,Dagón,Mitología fenicia,Demonio
https://es.wikipedia.org/wiki/Derceto,Derceto,Mitología fenicia,Deidad
https://es.wikipedia.org/wiki/El_(dios_sem%C3%ADtico),El (dios semítico),Mitología fenicia,Deidad
https://es.wikipedia.org/wiki/Hadad,Hadad,Mitología fenicia,Deidad
https://es.wikipedia.org/wiki/Resef,Resef,Mitología fenicia,Deidad
https://es.wikipedia.org/wiki/Shalim,Shalim,Mitología fenicia,Deidad
https://es.wikipedia.org/wiki/Yarij,Yarij,Mitología fenicia,Deidad
https://es.wikipedia.org/wiki/Baal,Baal,Mitología filistea,Deidad
https://es.wikipedia.org/wiki/Belceb%C3%BA,Belcebú,Mitología filistea,Deidad
https://es.wikipedia.org/wiki/Belceb%C3%BA,Belcebú,Mitología filistea,Demonio
https://es.wikipedia.org/wiki/Dag%C3%B3n,Dagón,Mitología filistea,Deidad
https://es.wikipedia.org/wiki/Dag%C3%B3n,Dagón,Mitología filistea,Demonio
https://es.wikipedia.org/wiki/Marna,Marna,Mitología filistea,Deidad
https://es.wikipedia.org/wiki/Bestia_de_G%C3%A9vaudan,Bestia de Gévaudan,Mitología francesa,Criatura
https://es.wikipedia.org/wiki/Dahu,Dahu,Mitología francesa,Criatura
https://es.wikipedia.org/wiki/Gamusino,Gamusino,Mitología francesa,Criatura
https://es.wikipedia.org/wiki/Graoully,Graoully,Mitología francesa,Dragón
https://es.wikipedia.org/wiki/Hipogrifo,Hipogrifo,Mitología francesa,Criatura
https://es.wikipedia.org/wiki/Peluda_(folclore),Peluda (folclore),Mitología francesa,Criatura
https://es.wikipedia.org/wiki/Peluda_(folclore),Peluda (folclore),Mitología francesa,Dragón
https://es.wikipedia.org/wiki/Rougarou,Rougarou,Mitología francesa,Criatura
https://es.wikipedia.org/wiki/Tarasca_(criatura_mitol%C3%B3gica),Tarasca (criatura mitológica),Mitología francesa,Criatura
https://es.wikipedia.org/wiki/Tarasca_(criatura_mitol%C3%B3gica),Tarasca (criatura mitológica),Mitología francesa,Dragón
https://es.wikipedia.org/wiki/Quimera_(mitolog%C3%ADa),Quimera,Mitología griega de Corinto,Criatura
https://es.wikipedia.org/wiki/Quimera_(mitolog%C3%ADa),Quimera,Mitología griega de Corinto,Monstruo
https://es.wikipedia.org/wiki/Quir%C3%B3n,Quirón,Mitología griega de Tesalia,Criatura
https://es.wikipedia.org/wiki/Diomedes_de_Tracia,Diomedes de Tracia,Mitología griega de Tracia,Gigante
https://es.wikipedia.org/wiki/Acham%C3%A1n,Achamán,Mitología guanche,Deidad
https://es.wikipedia.org/wiki/Chaxiraxi,Chaxiraxi,Mitología guanche,Deidad
https://es.wikipedia.org/wiki/Guayota,Guayota,Mitología guanche,Deidad
https://es.wikipedia.org/wiki/Guayota,Guayota,Mitología guanche,Demonio
https://es.wikipedia.org/wiki/Magec,Magec,Mitología guanche,Deidad
https://es.wikipedia.org/wiki/Tibicenas,Tibicenas,Mitología guanche,Criatura
https://es.wikipedia.org/wiki/Tibicenas,Tibicenas,Mitología guanche,Demonio
https://es.wikipedia.org/wiki/Haumea_(mitolog%C3%ADa),Haumea,Mitología hawaiana,Deidad
https://es.wikipedia.org/wiki/Kalamainu%27u,Kalamainu'u,Mitología hawaiana,Deidad
https://es.wikipedia.org/wiki/La%27a_Maomao,La'a Maomao,Mitología hawaiana,Deidad
https://es.wikipedia.org/wiki/Lono,Lono,Mitología hawaiana,Deidad
https://es.wikipedia.org/wiki/Mahina_(mitolog%C3%ADa),Mahina,Mitología hawaiana,Deidad
https://es.wikipedia.org/wiki/Papah%C4%81naumoku,Papahānaumoku,Mitología hawaiana,Deidad
https://es.wikipedia.org/wiki/Pele_(mitolog%C3%ADa),Pele,Mitología hawaiana,Deidad
https://es.wikipedia.org/wiki/Canillo_(mitolog%C3%ADa),Canillo,Mitología huilliche,Criatura
https://es.wikipedia.org/wiki/Canillo_(mitolog%C3%ADa),Canillo,Mitología huilliche,Gigante
https://es.wikipedia.org/wiki/Chaotroquin,Chaotroquin,Mitología huilliche,Deidad
https://es.wikipedia.org/wiki/Millalic%C3%A1n,Millalicán,Mitología huilliche,Héroe
https://es.wikipedia.org/wiki/Anu,Anu,Mitología hurrita,Deidad
https://es.wikipedia.org/wiki/Arinnitti,Arinnitti,Mitología hurrita,Deidad
https://es.wikipedia.org/wiki/Kumarbi,Kumarbi,Mitología hurrita,Deidad
https://es.wikipedia.org/wiki/Shala,Shala,Mitología hurrita,Deidad
https://es.wikipedia.org/wiki/Teshub,Teshub,Mitología hurrita,Deidad
https://es.wikipedia.org/wiki/Ahia_Njoku,Ahia Njoku,Mitología igbo,Deidad
https://es.wikipedia.org/wiki/Ala_(deidad_igbo),Ala,Mitología igbo,Deidad
https://es.wikipedia.org/wiki/Chukwu,Chukwu,Mitología igbo,Deidad
https://es.wikipedia.org/wiki/Ekwensu,Ekwensu,Mitología igbo,Deidad
https://es.wikipedia.org/wiki/Ekwensu,Ekwensu,Mitología igbo,Demonio
https://es.wikipedia.org/wiki/Dioscuros,Dioscuros,Mitología laconia,Deidad
https://es.wikipedia.org/wiki/Dioscuros,Dioscuros,Mitología laconia,Héroe
https://es.wikipedia.org/wiki/Astart%C3%A9,Astarté,Mitología levantina,Deidad
https://es.wikipedia.org/wiki/Dag%C3%B3n,Dagón,Mitología levantina,Deidad
https://es.wikipedia.org/wiki/Dag%C3%B3n,Dagón,Mitología levantina,Demonio
https://es.wikipedia.org/wiki/Kanno,Kanno,Mitología malgache,Deidad
https://es.wikipedia.org/wiki/Makemba,Makemba,Mitología malgache,Deidad
https://es.wikipedia.org/wiki/Yachar,Yachar,Mitología malgache,Deidad
https://es.wikipedia.org/wiki/Chonch%C3%B3n,Chonchón,Mitología mapuche,Criatura
https://es.wikipedia.org/wiki/Colo_Colo_(mitolog%C3%ADa),Colo Colo,Mitología mapuche,Criatura
https://es.wikipedia.org/wiki/Epunamun,Epunamun,Mitología mapuche,Deidad
https://es.wikipedia.org/wiki/Gualicho,Gualicho,Mitología mapuche,Demonio
https://es.wikipedia.org/wiki/Guallip%C3%A9n,Guallipén,Mitología mapuche,Criatura
https://es.wikipedia.org/wiki/Guirivilo,Guirivilo,Mitología mapuche,Criatura
https://es.wikipedia.org/wiki/Guirivilo,Guirivilo,Mitología mapuche,Monstruo
https://es.wikipedia.org/wiki/Kuy%C3%A9n,Kuyén,Mitología mapuche,Deidad
https://es.wikipedia.org/wiki/Piuch%C3%A9n,Piuchén,Mitología mapuche,Criatura
https://es.wikipedia.org/wiki/Trempulcahue,Trempulcahue,Mitología mapuche,Deidad
https://es.wikipedia.org/wiki/Trentren_Vilu_y_Caicai_Vilu,Trentren Vilu y Caicai Vilu,Mitología mapuche,Criatura
https://es.wikipedia.org/wiki/Trentren_Vilu_y_Caicai_Vilu,Trentren Vilu y Caicai Vilu,Mitología mapuche,Dragón
https://es.wikipedia.org/wiki/Tr%C3%BClke_wekufe,Trülke wekufe,Mitología mapuche,Monstruo
https://es.wikipedia.org/wiki/Wangul%C3%A9n,Wangulén,Mitología mapuche,Deidad
https://es.wikipedia.org/wiki/Wekufe,Wekufe,Mitología mapuche,Demonio
https://es.wikipedia.org/wiki/Ngai,Ngai,Mitología masai,Deidad
https://es.wikipedia.org/wiki/Olapa,Olapa,Mitología masai,Deidad
https://es.wikipedia.org/wiki/Cadejo,Cadejo,Mitología mesoamericana,Criatura
https://es.wikipedia.org/wiki/Cegua,Cegua,Mitología mesoamericana,Criatura
https://es.wikipedia.org/wiki/Cegua,Cegua,Mitología mesoamericana,Monstruo
https://es.wikipedia.org/wiki/Nahual,Nahual,Mitología mesoamericana,Criatura
https://es.wikipedia.org/wiki/Quinametzin,Quinametzin,Mitología mesoamericana,Gigante
https://es.wikipedia.org/wiki/Mu%C5%A1%E1%B8%ABu%C5%A1%C5%A1u,Mušḫuššu,Mitología mesopotámica,Criatura
https://es.wikipedia.org/wiki/Mu%C5%A1%E1%B8%ABu%C5%A1%C5%A1u,Mušḫuššu,Mitología mesopotámica,Dragón
https://es.wikipedia.org/wiki/Serpopardo,Serpopardo,Mitología mesopotámica,Criatura
https://es.wikipedia.org/wiki/Alal,Alal,Mitología mesopotámica,Demonio
https://es.wikipedia.org/wiki/Al%C3%BB,Alû,Mitología mesopotámica,Demonio
https://es.wikipedia.org/wiki/Baal,Baal,Mitología mesopotámica,Deidad
https://es.wikipedia.org/wiki/Baaltis,Baaltis,Mitología mesopotámica,Deidad
https://es.wikipedia.org/wiki/Beret-seri,Beret-seri,Mitología mesopotámica,Deidad
https://es.wikipedia.org/wiki/Beret-seri,Beret-seri,Mitología mesopotámica,Demonio
https://es.wikipedia.org/wiki/Dag%C3%B3n,Dagón,Mitología mesopotámica,Deidad
https://es.wikipedia.org/wiki/Dag%C3%B3n,Dagón,Mitología mesopotámica,Demonio
https://es.wikipedia.org/wiki/Dingir,Dingir,Mitología mesopotámica,Deidad
https://es.wikipedia.org/wiki/El_(dios_sem%C3%ADtico),El (dios semítico),Mitología mesopotámica,Deidad
https://es.wikipedia.org/wiki/Elohim,Elohim,Mitología mesopotámica,Deidad
https://es.wikipedia.org/wiki/Enki,Enki,Mitología mesopotámica,Deidad
https://es.wikipedia.org/wiki/Gallu,Gallu,Mitología mesopotámica,Demonio
https://es.wikipedia.org/wiki/Hadad,Hadad,Mitología mesopotámica,Deidad
https://es.wikipedia.org/wiki/Hombre_Escorpi%C3%B3n,Hombre Escorpión,Mitología mesopotámica,Criatura
https://es.wikipedia.org/wiki/Lammasu,Lammasu,Mitología mesopotámica,Deidad
https://es.wikipedia.org/wiki/Lammasu,Lammasu,Mitología mesopotámica,Criatura
https://es.wikipedia.org/wiki/Mot_(dios_sem%C3%ADtico),Mot (dios semítico),Mitología mesopotámica,Deidad
https://es.wikipedia.org/wiki/Namm%C3%A1,Nammá,Mitología mesopotámica,Demonio
https://es.wikipedia.org/wiki/Nanshe,Nanshe,Mitología mesopotámica,Deidad
https://es.wikipedia.org/wiki/Nindaranna,Nindaranna,Mitología mesopotámica,Deidad
https://es.wikipedia.org/wiki/Ningal,Ningal,Mitología mesopotámica,Deidad
https://es.wikipedia.org/wiki/Ninkautu,Ninkautu,Mitología mesopotámica,Deidad
https://es.wikipedia.org/wiki/Nintulla,Nintulla,Mitología mesopotámica,Deidad
https://es.wikipedia.org/wiki/Nisaba,Nisaba,Mitología mesopotámica,Deidad
https://es.wikipedia.org/wiki/Quemos,Quemos,Mitología mesopotámica,Deidad
https://es.wikipedia.org/wiki/Shamash,Shamash,Mitología mesopotámica,Deidad
https://es.wikipedia.org/wiki/Shulmanu,Shulmanu,Mitología mesopotámica,Deidad
https://es.wikipedia.org/wiki/Sin,Sin,Mitología mesopotámica,Deidad
https://es.wikipedia.org/wiki/Uanna,Uanna,Mitología mesopotámica,Criatura
https://es.wikipedia.org/wiki/Yam_(dios),Yam,Mitología mesopotámica,Deidad
https://es.wikipedia.org/wiki/Ah_tabai,Ah tabai,Mitología mexicana,Criatura
https://es.wikipedia.org/wiki/Ah_tabai,Ah tabai,Mitología mexicana,Demonio
https://es.wikipedia.org/wiki/Alux,Alux,Mitología mexicana,Criatura
https://es.wikipedia.org/wiki/Balam,Balam,Mitología mexicana,Deidad
https://es.wikipedia.org/wiki/Balam,Balam,Mitología mexicana,Criatura
https://es.wikipedia.org/wiki/Camazotz,Camazotz,Mitología mexicana,Criatura
https://es.wikipedia.org/wiki/Cegua,Cegua,Mitología mexicana,Criatura
https://es.wikipedia.org/wiki/Cegua,Cegua,Mitología mexicana,Monstruo
https://es.wikipedia.org/wiki/Chaneque,Chaneque,Mitología mexicana,Criatura
https://es.wikipedia.org/wiki/Coco_(folclore),Coco (folclore),Mitología mexicana,Criatura
https://es.wikipedia.org/wiki/Coco_(folclore),Coco (folclore),Mitología mexicana,Monstruo
https://es.wikipedia.org/wiki/Descarnada,Descarnada,Mitología mexicana,Criatura
https://es.wikipedia.org/wiki/Huitzilopochtli,Huitzilopochtli,Mitología mexicana,Deidad
https://es.wikipedia.org/wiki/Kitzihiata,Kitzihiata,Mitología mexicana,Deidad
https://es.wikipedia.org/wiki/Melt%C3%AD_%3Fip%C3%A1_jal%C3%A1(u),Meltí ?ipá jalá(u),Mitología mexicana,Deidad
https://es.wikipedia.org/wiki/Nahual,Nahual,Mitología mexicana,Criatura
https://es.wikipedia.org/wiki/Quetzalc%C3%B3atl,Quetzalcóatl,Mitología mexicana,Deidad
https://es.wikipedia.org/wiki/Quetzalc%C3%B3atl,Quetzalcóatl,Mitología mexicana,Dragón
https://es.wikipedia.org/wiki/Xtabay,Xtabay,Mitología mexicana,Criatura
https://es.wikipedia.org/wiki/Dzahui,Dzahui,Mitología mixteca,Deidad
https://es.wikipedia.org/wiki/Nueve_Viento,Nueve Viento,Mitología mixteca,Deidad
https://es.wikipedia.org/wiki/Nueve-Hierba,Nueve-Hierba,Mitología mixteca,Deidad
https://es.wikipedia.org/wiki/%C3%91uhu,Ñuhu,Mitología mixteca,Deidad
https://es.wikipedia.org/wiki/Yahui,Yahui,Mitología mixteca,Criatura
https://es.wikipedia.org/wiki/Amaru_Aranway,Amaru Aranway,Mitología peruana,Criatura
https://es.wikipedia.org/wiki/Supay,Supay,Mitología peruana,Demonio
https://es.wikipedia.org/wiki/Emela-ntouka,Emela-ntouka,Mitología pigmea,Criatura
https://es.wikipedia.org/wiki/Khonvoum,Khonvoum,Mitología pigmea,Deidad
https://es.wikipedia.org/wiki/Mbielu-Mbielu-Mbielu,Mbielu-Mbielu-Mbielu,Mitología pigmea,Criatura
https://es.wikipedia.org/wiki/Mok%C3%A8l%C3%A9-mb%C3%A8mb%C3%A9,Mokèlé-mbèmbé,Mitología pigmea,Criatura
https://es.wikipedia.org/wiki/Coco_(folclore),Coco (folclore),Mitología portuguesa,Criatura
https://es.wikipedia.org/wiki/Coco_(folclore),Coco (folclore),Mitología portuguesa,Monstruo
https://es.wikipedia.org/wiki/Gamusino,Gamusino,Mitología portuguesa,Criatura
https://es.wikipedia.org/wiki/Lavandeira_(mitolog%C3%ADa),Lavandeira,Mitología portuguesa,Criatura
https://es.wikipedia.org/wiki/Kokopelli,Kokopelli,Mitología pueblo,Deidad
https://es.wikipedia.org/wiki/Cuerau%C3%A1peri,Cuerauáperi,Mitología purépecha,Deidad
https://es.wikipedia.org/wiki/Curicaueri,Curicaueri,Mitología purépecha,Deidad
https://es.wikipedia.org/wiki/Miringua,Miringua,Mitología purépecha,Criatura
https://es.wikipedia.org/wiki/Huiracocha_(dios),Huiracocha,Mitología quechua,Deidad
https://es.wikipedia.org/wiki/Inkarri,Inkarri,Mitología quechua,Deidad
https://es.wikipedia.org/wiki/Pishtako,Pishtako,Mitología quechua,Demonio
https://es.wikipedia.org/wiki/Alkonost,Alkonost,Mitología rusa,Criatura
https://es.wikipedia.org/wiki/Domovik,Domovik,Mitología rusa,Criatura
https://es.wikipedia.org/wiki/Drag%C3%B3n_eslavo,Dragón eslavo,Mitología rusa,Dragón
https://es.wikipedia.org/wiki/Lisovik,Lisovik,Mitología rusa,Criatura
https://es.wikipedia.org/wiki/P%C3%A1jaro_de_fuego_(folclore_eslavo),Pájaro de fuego (folclore eslavo),Mitología rusa,Criatura
https://es.wikipedia.org/wiki/Per%C3%BAn,Perún,Mitología rusa,Deidad
https://es.wikipedia.org/wiki/Sirin,Sirin,Mitología rusa,Criatura
https://es.wikipedia.org/wiki/Veles,Veles,Mitología rusa,Deidad
https://es.wikipedia.org/wiki/Vodn%C3%ADk,Vodník,Mitología rusa,Criatura
https://es.wikipedia.org/wiki/%C4%8C%C3%A9nuke,Čénuke,Mitología selknam,Deidad
https://es.wikipedia.org/wiki/Howenh,Howenh,Mitología selknam,Deidad
https://es.wikipedia.org/wiki/K%27aux,K'aux,Mitología selknam,Deidad
https://es.wikipedia.org/wiki/K%27aux,K'aux,Mitología selknam,Héroe
https://es.wikipedia.org/wiki/K%C3%A9nos,Kénos,Mitología selknam,Deidad
https://es.wikipedia.org/wiki/Kojh,Kojh,Mitología selknam,Deidad
https://es.wikipedia.org/wiki/Kren,Kren,Mitología selknam,Deidad
https://es.wikipedia.org/wiki/Kw%C3%A1nyip,Kwányip,Mitología selknam,Deidad
https://es.wikipedia.org/wiki/Shenrr,Shenrr,Mitología selknam,Deidad
https://es.wikipedia.org/wiki/Tem%C3%A1ukel,Temáukel,Mitología selknam,Deidad
https://es.wikipedia.org/wiki/Wintek,Wintek,Mitología selknam,Deidad
https://es.wikipedia.org/wiki/Xalpen,Xalpen,Mitología selknam,Deidad
https://es.wikipedia.org/wiki/Ak_Ana,Ak Ana,Mitología siberiana,Deidad
https://es.wikipedia.org/wiki/Anapel,Anapel,Mitología siberiana,Deidad
https://es.wikipedia.org/wiki/Khaltesh-Anki,Khaltesh-Anki,Mitología siberiana,Deidad
https://es.wikipedia.org/wiki/Kutkh,Kutkh,Mitología siberiana,Deidad
https://es.wikipedia.org/wiki/Nga_(Mitolog%C3%ADa_siberiana),Nga,Mitología siberiana,Deidad
https://es.wikipedia.org/wiki/Num-Torum,Num-Torum,Mitología siberiana,Deidad
https://es.wikipedia.org/wiki/Pugu,Pugu,Mitología siberiana,Deidad
https://es.wikipedia.org/wiki/Toko%27yoto,Toko'yoto,Mitología siberiana,Deidad
https://es.wikipedia.org/wiki/Tomam,Tomam,Mitología siberiana,Deidad
https://es.wikipedia.org/wiki/Umai,Umai,Mitología siberiana,Deidad
https://es.wikipedia.org/wiki/Xargi,Xargi,Mitología siberiana,Deidad
https://es.wikipedia.org/wiki/Zonget,Zonget,Mitología siberiana,Deidad
https://es.wikipedia.org/wiki/Al%C3%BB,Alû,Mitología sumeria,Demonio
https://es.wikipedia.org/wiki/Amurru_(dios),Amurru,Mitología sumeria,Deidad
https://es.wikipedia.org/wiki/Ansar,Ansar,Mitología sumeria,Deidad
https://es.wikipedia.org/wiki/Anu,Anu,Mitología sumeria,Deidad
https://es.wikipedia.org/wiki/Apsu,Apsu,Mitología sumeria,Deidad
https://es.wikipedia.org/wiki/Asag,Asag,Mitología sumeria,Demonio
https://es.wikipedia.org/wiki/Asakku,Asakku,Mitología sumeria,Demonio
https://es.wikipedia.org/wiki/Ashnan,Ashnan,Mitología sumeria,Deidad
https://es.wikipedia.org/wiki/Astart%C3%A9,Astarté,Mitología sumeria,Deidad
https://es.wikipedia.org/wiki/Baba_(mitolog%C3%ADa),Baba,Mitología sumeria,Deidad
https://es.wikipedia.org/wiki/Bel,Bel,Mitología sumeria,Deidad
https://es.wikipedia.org/wiki/Belit_Ilani,Belit Ilani,Mitología sumeria,Deidad
https://es.wikipedia.org/wiki/Beret-seri,Beret-seri,Mitología sumeria,Deidad
https://es.wikipedia.org/wiki/Beret-seri,Beret-seri,Mitología sumeria,Demonio
https://es.wikipedia.org/wiki/Damu,Damu,Mitología sumeria,Deidad
https://es.wikipedia.org/wiki/Edimmu,Edimmu,Mitología sumeria,Demonio
https://es.wikipedia.org/wiki/Enlil,Enlil,Mitología sumeria,Deidad
https://es.wikipedia.org/wiki/Enlil,Enlil,Mitología sumeria,Criatura
https://es.wikipedia.org/wiki/Gaga_(dios),Gaga,Mitología sumeria,Deidad
https://es.wikipedia.org/wiki/Gallu,Gallu,Mitología sumeria,Demonio
https://es.wikipedia.org/wiki/Gatumdu,Gatumdu,Mitología sumeria,Deidad
https://es.wikipedia.org/wiki/Hanbi,Hanbi,Mitología sumeria,Deidad
https://es.wikipedia.org/wiki/Hanbi,Hanbi,Mitología sumeria,Demonio
https://es.wikipedia.org/wiki/Hegir-Nuna,Hegir-Nuna,Mitología sumeria,Deidad
https://es.wikipedia.org/wiki/Humbaba,Humbaba,Mitología sumeria,Deidad
https://es.wikipedia.org/wiki/Humbaba,Humbaba,Mitología sumeria,Criatura
https://es.wikipedia.org/wiki/Humbaba,Humbaba,Mitología sumeria,Gigante
https://es.wikipedia.org/wiki/Humbaba,Humbaba,Mitología sumeria,Demonio
https://es.wikipedia.org/wiki/Imdugud,Imdugud,Mitología sumeria,Monstruo
https://es.wikipedia.org/wiki/Imdugud,Imdugud,Mitología sumeria,Demonio
https://es.wikipedia.org/wiki/Inanna,Inanna,Mitología sumeria,Deidad
https://es.wikipedia.org/wiki/Ishkur,Ishkur,Mitología sumeria,Deidad
https://es.wikipedia.org/wiki/Ishtaran,Ishtaran,Mitología sumeria,Deidad
https://es.wikipedia.org/wiki/Ki_(diosa),Ki (diosa),Mitología sumeria,Deidad
https://es.wikipedia.org/wiki/Kingu,Kingu,Mitología sumeria,Demonio
https://es.wikipedia.org/wiki/Kisar,Kisar,Mitología sumeria,Deidad
https://es.wikipedia.org/wiki/Kiskill-lilla,Kiskill-lilla,Mitología sumeria,Demonio
https://es.wikipedia.org/wiki/Kur,Kur,Mitología sumeria,Dragón
https://es.wikipedia.org/wiki/Lahar_(mitolog%C3%ADa),Lahar,Mitología sumeria,Deidad
https://es.wikipedia.org/wiki/Lamashtu,Lamashtu,Mitología sumeria,Criatura
https://es.wikipedia.org/wiki/Lamashtu,Lamashtu,Mitología sumeria,Demonio
https://es.wikipedia.org/wiki/Lammasu,Lammasu,Mitología sumeria,Deidad
https://es.wikipedia.org/wiki/Lammasu,Lammasu,Mitología sumeria,Criatura
https://es.wikipedia.org/wiki/Marduk,Marduk,Mitología sumeria,Deidad
https://es.wikipedia.org/wiki/Mu%C5%A1%E1%B8%ABu%C5%A1%C5%A1u,Mušḫuššu,Mitología sumeria,Criatura
https://es.wikipedia.org/wiki/Mu%C5%A1%E1%B8%ABu%C5%A1%C5%A1u,Mušḫuššu,Mitología sumeria,Dragón
https://es.wikipedia.org/wiki/Nabu,Nabu,Mitología sumeria,Deidad
https://es.wikipedia.org/wiki/Nammu,Nammu,Mitología sumeria,Deidad
https://es.wikipedia.org/wiki/Nanaya,Nanaya,Mitología sumeria,Deidad
https://es.wikipedia.org/wiki/Nanshe,Nanshe,Mitología sumeria,Deidad
https://es.wikipedia.org/wiki/Nergal,Nergal,Mitología sumeria,Deidad
https://es.wikipedia.org/wiki/Nergal,Nergal,Mitología sumeria,Demonio
https://es.wikipedia.org/wiki/Nin_(Sumeria),Nin (Sumeria),Mitología sumeria,Deidad
https://es.wikipedia.org/wiki/Ningal,Ningal,Mitología sumeria,Deidad
https://es.wikipedia.org/wiki/Ningikuga,Ningikuga,Mitología sumeria,Deidad
https://es.wikipedia.org/wiki/Ningizzida,Ningizzida,Mitología sumeria,Deidad
https://es.wikipedia.org/wiki/Ninhursag,Ninhursag,Mitología sumeria,Deidad
https://es.wikipedia.org/wiki/Nintu,Nintu,Mitología sumeria,Deidad
https://es.wikipedia.org/wiki/Ninurta,Ninurta,Mitología sumeria,Deidad
https://es.wikipedia.org/wiki/Nisaba,Nisaba,Mitología sumeria,Deidad
https://es.wikipedia.org/wiki/Nisroch,Nisroch,Mitología sumeria,Deidad
https://es.wikipedia.org/wiki/Nisroch,Nisroch,Mitología sumeria,Demonio
https://es.wikipedia.org/wiki/Pasittu,Pasittu,Mitología sumeria,Demonio
https://es.wikipedia.org/wiki/Pazuzu,Pazuzu,Mitología sumeria,Demonio
https://es.wikipedia.org/wiki/Shala,Shala,Mitología sumeria,Deidad
https://es.wikipedia.org/wiki/Shara,Shara,Mitología sumeria,Deidad
https://es.wikipedia.org/wiki/Sin,Sin,Mitología sumeria,Deidad
https://es.wikipedia.org/wiki/Tammuz,Tammuz,Mitología sumeria,Deidad
https://es.wikipedia.org/wiki/Tiamat,Tiamat,Mitología sumeria,Deidad
https://es.wikipedia.org/wiki/Uanna,Uanna,Mitología sumeria,Criatura
https://es.wikipedia.org/wiki/Uttu,Uttu,Mitología sumeria,Deidad
https://es.wikipedia.org/wiki/Utukku,Utukku,Mitología sumeria,Demonio
https://es.wikipedia.org/wiki/Atabey,Atabey,Mitología taína,Deidad
https://es.wikipedia.org/wiki/Ciguapa,Ciguapa,Mitología taína,Criatura
https://es.wikipedia.org/wiki/Maboya,Maboya,Mitología taína,Demonio
https://es.wikipedia.org/wiki/Y%C3%BAcahu,Yúcahu,Mitología taína,Deidad
https://es.wikipedia.org/wiki/Camaxtli,Camaxtli,Mitología tlaxcalteca,Deidad
https://es.wikipedia.org/wiki/Matlalcueye,Matlalcueye,Mitología tlaxcalteca,Deidad
https://es.wikipedia.org/wiki/Cint%C3%A9otl,Cintéotl,Mitología tolteca,Deidad
https://es.wikipedia.org/wiki/Itztlacoliuhqui,Itztlacoliuhqui,Mitología tolteca,Deidad
https://es.wikipedia.org/wiki/Nahual,Nahual,Mitología tolteca,Criatura
https://es.wikipedia.org/wiki/Quetzalc%C3%B3atl,Quetzalcóatl,Mitología tolteca,Deidad
https://es.wikipedia.org/wiki/Quetzalc%C3%B3atl,Quetzalcóatl,Mitología tolteca,Dragón
https://es.wikipedia.org/wiki/Tezcatlipoca,Tezcatlipoca,Mitología tolteca,Deidad
https://es.wikipedia.org/wiki/Tl%C3%A1loc,Tláloc,Mitología tolteca,Deidad
https://es.wikipedia.org/wiki/Tonatiuh,Tonatiuh,Mitología tolteca,Deidad
https://es.wikipedia.org/wiki/Bendis,Bendis,Mitología tracia,Deidad
https://es.wikipedia.org/wiki/Zalmoxis,Zalmoxis,Mitología tracia,Deidad
https://es.wikipedia.org/wiki/Mar%C3%ADa_Lionza,María Lionza,Mitología venezolana,Deidad
https://es.wikipedia.org/wiki/Quimbanda,Quimbanda,Mitología yoruba,Deidad
https://es.wikipedia.org/wiki/Inkanyamba,Inkanyamba,Mitología zulú,Criatura
https://es.wikipedia.org/wiki/Mamlambo,Mamlambo,Mitología zulú,Criatura
https://es.wikipedia.org/wiki/Mbaba_Mwana_Waresa,Mbaba Mwana Waresa,Mitología zulú,Deidad
https://es.wikipedia.org/wiki/Umvelinqangi,Umvelinqangi,Mitología zulú,Deidad
https://es.wikipedia.org/wiki/Unkulunkulu,Unkulunkulu,Mitología zulú,Deidad
https://es.wikipedia.org/wiki/C%C3%A9crope_I,Cécrope I,Mitología ática,Criatura
https://es.wikipedia.org/wiki/C%C3%A9crope_I,Cécrope I,Mitología ática,Dragón
https://es.wikipedia.org/wiki/C%C3%A9crope_I,Cécrope I,Mitología ática,Héroe
https://es.wikipedia.org/wiki/Aletes_(deidad),Aletes,Mitología íbera,Deidad
https://es.wikipedia.org/wiki/Ataecina,Ataecina,Mitología íbera,Deidad
https://es.wikipedia.org/wiki/Betatun,Betatun,Mitología íbera,Deidad
https://es.wikipedia.org/wiki/Necis,Necis,Mitología íbera,Deidad
https://es.wikipedia.org/wiki/Net%C3%B3n,Netón,Mitología íbera,Deidad
